date,customer_id,product,price,quantity,coupon_code,shipping_city,discount_pct,is_free_ship,revenue,days_since_purchase
2014-10-18,343,Cosmetics,437.2,8446,FREESHIP,San Jose,0.0,1,3692591.1999999997,3999
2011-11-07,377,Vegetables,154.06,3018,HOLIDAY15,Philadelphia,0.15,0,464953.08,5075
2016-10-31,431,Baby Food,255.28,1517,HOLIDAY15,San Jose,0.15,0,387259.76,3255
2010-04-10,916,Cereal,205.7,3322,FREESHIP,San Jose,0.0,1,683335.3999999999,5651
2011-08-16,904,Fruits,9.33,9845,FREESHIP,San Antonio,0.0,1,91853.85,5158
2014-11-24,806,Cereal,205.7,9528,HOLIDAY15,Dallas,0.15,0,1959909.5999999999,3962
2015-03-04,560,Cereal,205.7,2844,WELCOME20,Philadelphia,0.2,0,585010.7999999999,3862
2012-05-17,156,Clothes,109.28,7299,FREESHIP,San Antonio,0.0,1,797634.72,4883
2015-01-29,522,Vegetables,154.06,2428,SPRINGSALE,New York,0.0,0,374057.68,3896
2013-12-24,985,Vegetables,154.06,4800,HOLIDAY15,Dallas,0.15,0,739488.0,4297
2015-12-29,775,Clothes,109.28,3012,WELCOME20,New York,0.2,0,329151.36,3562
2010-02-27,111,Snacks,152.58,2694,HOLIDAY15,San Diego,0.15,0,411050.52,5693
2016-11-17,220,Household,668.27,1508,WELCOME20,Los Angeles,0.2,0,1007751.1599999999,3238
2015-12-20,836,Cosmetics,437.2,4146,WELCOME20,Phoenix,0.2,0,1812631.2,3571
2011-01-08,249,Fruits,9.33,7332,SAVE10,San Jose,0.1,0,68407.56,5378
2010-06-28,336,Clothes,109.28,4820,SAVE10,Dallas,0.1,0,526729.6,5572
2016-04-25,561,Office Supplies,651.21,2397,SAVE10,Phoenix,0.1,0,1560950.37,3444
2012-07-27,217,Beverages,47.45,2880,SAVE10,Dallas,0.1,0,136656.0,4812
2014-09-08,140,Clothes,109.28,1117,SPRINGSALE,Chicago,0.0,0,122065.76,4039
2012-08-27,820,Household,668.27,8989,SPRINGSALE,Philadelphia,0.0,0,6007079.03,4781
2012-09-03,185,Snacks,152.58,407,WELCOME20,San Antonio,0.2,0,62100.060000000005,4774
2010-08-27,498,Clothes,109.28,6313,FREESHIP,New York,0.0,1,689884.64,5512
2011-02-20,964,Personal Care,81.73,9681,SAVE10,San Diego,0.1,0,791228.13,5335
2015-12-12,143,Clothes,109.28,515,SPRINGSALE,San Jose,0.0,0,56279.2,3579
2012-10-28,660,Cereal,205.7,852,SPRINGSALE,Los Angeles,0.0,0,175256.4,4719
2017-01-30,570,Beverages,47.45,9759,HOLIDAY15,San Jose,0.15,0,463064.55000000005,3164
2014-10-22,845,Beverages,47.45,8334,WELCOME20,Phoenix,0.2,0,395448.30000000005,3995
2012-01-31,721,Fruits,9.33,4709,HOLIDAY15,Philadelphia,0.15,0,43934.97,4990
2016-01-20,380,Meat,421.89,9043,HOLIDAY15,Los Angeles,0.15,0,3815151.27,3540
2016-01-01,793,Personal Care,81.73,8529,FREESHIP,Phoenix,0.0,1,697075.17,3559
2017-06-01,287,Beverages,47.45,2391,WELCOME20,San Antonio,0.2,0,113452.95000000001,3042
2015-06-30,517,Office Supplies,651.21,6884,WELCOME20,Chicago,0.2,0,4482929.640000001,3744
2014-01-28,751,Fruits,9.33,293,HOLIDAY15,Philadelphia,0.15,0,2733.69,4262
2014-04-08,543,Baby Food,255.28,7937,HOLIDAY15,San Jose,0.15,0,2026157.36,4192
2010-09-04,887,Beverages,47.45,7163,HOLIDAY15,Houston,0.15,0,339884.35000000003,5504
2010-05-02,778,Office Supplies,651.21,2352,WELCOME20,San Diego,0.2,0,1531645.9200000002,5629
2013-10-03,428,Office Supplies,651.21,9915,HOLIDAY15,San Diego,0.15,0,6456747.15,4379
2011-03-06,139,Vegetables,154.06,3294,SPRINGSALE,Chicago,0.0,0,507473.64,5321
2016-08-07,235,Baby Food,255.28,7963,SPRINGSALE,New York,0.0,0,2032794.64,3340
2011-01-11,570,Office Supplies,651.21,6426,HOLIDAY15,San Jose,0.15,0,4184675.4600000004,5375
2014-05-21,936,Office Supplies,651.21,3221,SPRINGSALE,Los Angeles,0.0,0,2097547.41,4149
2013-08-03,789,Beverages,47.45,9913,SPRINGSALE,New York,0.0,0,470371.85000000003,4440
2011-10-05,804,Meat,421.89,103,SAVE10,Dallas,0.1,0,43454.67,5108
2016-11-15,987,Snacks,152.58,4419,FREESHIP,Philadelphia,0.0,1,674251.02,3240
2015-04-03,982,Office Supplies,651.21,5523,SPRINGSALE,San Antonio,0.0,0,3596632.83,3832
2013-03-22,723,Beverages,47.45,3107,WELCOME20,Los Angeles,0.2,0,147427.15000000002,4574
2010-08-02,393,Meat,421.89,8896,WELCOME20,Chicago,0.2,0,3753133.44,5537
2012-01-05,743,Household,668.27,1643,SPRINGSALE,Dallas,0.0,0,1097967.6099999999,5016
2015-08-26,888,Personal Care,81.73,2135,FREESHIP,Philadelphia,0.0,1,174493.55000000002,3687
2016-12-09,547,Meat,421.89,8189,SAVE10,San Jose,0.1,0,3454857.21,3216
2012-05-17,689,Vegetables,154.06,9654,HOLIDAY15,San Antonio,0.15,0,1487295.24,4883
2010-11-17,677,Vegetables,154.06,3410,SAVE10,Phoenix,0.1,0,525344.6,5430
2014-11-13,934,Cosmetics,437.2,8368,FREESHIP,Phoenix,0.0,1,3658489.6,3973
2016-06-16,386,Beverages,47.45,470,HOLIDAY15,Los Angeles,0.15,0,22301.5,3392
2016-05-31,297,Fruits,9.33,7690,SPRINGSALE,San Antonio,0.0,0,71747.7,3408
2012-10-06,220,Snacks,152.58,5033,SPRINGSALE,Houston,0.0,0,767935.14,4741
2012-03-10,799,Office Supplies,651.21,9535,HOLIDAY15,New York,0.15,0,6209287.350000001,4951
2011-01-26,275,Office Supplies,651.21,5263,WELCOME20,Philadelphia,0.2,0,3427318.23,5360
2014-06-02,461,Vegetables,154.06,8316,SAVE10,San Diego,0.1,0,1281162.96,4137
2016-12-17,875,Personal Care,81.73,1824,FREESHIP,San Jose,0.0,1,149075.52000000002,3208
2014-06-27,434,Office Supplies,651.21,949,SAVE10,Los Angeles,0.1,0,617998.29,4112
2015-03-17,978,Cosmetics,437.2,7881,SPRINGSALE,New York,0.0,0,3445573.1999999997,3849
2013-04-03,931,Beverages,47.45,6846,WELCOME20,Los Angeles,0.2,0,324842.7,4562
2015-03-08,208,Clothes,109.28,9097,SAVE10,San Jose,0.1,0,994120.16,3858
2013-06-21,406,Personal Care,81.73,7921,FREESHIP,San Jose,0.0,1,647383.3300000001,4483
2013-01-06,429,Office Supplies,651.21,3636,WELCOME20,Los Angeles,0.2,0,2367799.56,4649
2012-03-17,535,Cereal,205.7,8590,SPRINGSALE,Chicago,0.0,0,1766963.0,4944
2014-04-18,623,Office Supplies,651.21,2163,HOLIDAY15,San Diego,0.15,0,1408567.23,4182
2016-01-03,668,Baby Food,255.28,5766,FREESHIP,San Antonio,0.0,1,1471944.48,3557
2011-05-12,114,Office Supplies,651.21,7841,FREESHIP,Los Angeles,0.0,1,5106137.61,5254
2010-07-29,467,Fruits,9.33,8862,HOLIDAY15,Phoenix,0.15,0,82682.46,5541
2013-08-02,794,Baby Food,255.28,6335,FREESHIP,Los Angeles,0.0,1,1617198.8,4441
2013-10-23,624,Beverages,47.45,9794,WELCOME20,Phoenix,0.2,0,464725.30000000005,4359
2017-02-05,346,Vegetables,154.06,5808,SPRINGSALE,Chicago,0.0,0,894780.48,3158
2015-03-20,251,Meat,421.89,2975,HOLIDAY15,Chicago,0.15,0,1255122.75,3846
2012-05-06,310,Personal Care,81.73,6925,SAVE10,Chicago,0.1,0,565980.25,4894
2013-09-30,110,Meat,421.89,5319,SAVE10,Phoenix,0.1,0,2244032.91,4382
2014-05-20,297,Office Supplies,651.21,2850,HOLIDAY15,Phoenix,0.15,0,1855948.5,4150
2010-04-09,348,Cereal,205.7,6241,HOLIDAY15,San Antonio,0.15,0,1283773.7,5652
2017-06-09,345,Office Supplies,651.21,9247,SPRINGSALE,New York,0.0,0,6021738.87,3034
2015-02-08,891,Cereal,205.7,7653,FREESHIP,San Jose,0.0,1,1574222.0999999999,3886
2010-01-25,821,Snacks,152.58,4279,HOLIDAY15,San Jose,0.15,0,652889.8200000001,5726
2010-03-07,757,Fruits,9.33,3972,HOLIDAY15,Phoenix,0.15,0,37058.76,5685
2013-01-03,408,Clothes,109.28,8611,SPRINGSALE,Chicago,0.0,0,941010.08,4652
2017-03-06,655,Snacks,152.58,2109,SPRINGSALE,San Antonio,0.0,0,321791.22000000003,3129
2011-01-09,754,Beverages,47.45,5408,SPRINGSALE,San Antonio,0.0,0,256609.6,5377
2014-03-27,129,Cereal,205.7,1480,WELCOME20,Chicago,0.2,0,304436.0,4204
2013-06-28,304,Snacks,152.58,332,WELCOME20,Chicago,0.2,0,50656.560000000005,4476
2011-09-04,933,Beverages,47.45,3999,SAVE10,San Jose,0.1,0,189752.55000000002,5139
2016-07-14,230,Clothes,109.28,1549,HOLIDAY15,Chicago,0.15,0,169274.72,3364
2014-02-23,775,Baby Food,255.28,4079,WELCOME20,Philadelphia,0.2,0,1041287.12,4236
2010-08-07,430,Clothes,109.28,9721,WELCOME20,Los Angeles,0.2,0,1062310.8800000001,5532
2013-01-14,528,Household,668.27,8635,SAVE10,San Jose,0.1,0,5770511.45,4641
2010-09-30,696,Personal Care,81.73,8014,SAVE10,Chicago,0.1,0,654984.2200000001,5478
2016-10-13,893,Cereal,205.7,7081,HOLIDAY15,New York,0.15,0,1456561.7,3273
2011-03-16,526,Snacks,152.58,2091,WELCOME20,Chicago,0.2,0,319044.78,5311
2012-12-26,160,Fruits,9.33,1331,SPRINGSALE,Los Angeles,0.0,0,12418.23,4660
2015-09-02,274,Clothes,109.28,117,SAVE10,San Diego,0.1,0,12785.76,3680
2013-11-11,833,Household,668.27,5798,WELCOME20,Chicago,0.2,0,3874629.46,4340
2014-08-04,564,Vegetables,154.06,2755,SAVE10,New York,0.1,0,424435.3,4074
2010-10-21,938,Clothes,109.28,7398,FREESHIP,Phoenix,0.0,1,808453.4400000001,5457
2015-06-13,802,Vegetables,154.06,3170,SPRINGSALE,New York,0.0,0,488370.2,3761
2012-03-29,972,Snacks,152.58,5544,SAVE10,Los Angeles,0.1,0,845903.52,4932
2012-06-22,270,Vegetables,154.06,7025,HOLIDAY15,New York,0.15,0,1082271.5,4847
2013-05-10,426,Personal Care,81.73,2149,SAVE10,San Jose,0.1,0,175637.77000000002,4525
2016-12-10,236,Personal Care,81.73,2484,SPRINGSALE,San Jose,0.0,0,203017.32,3215
2011-03-20,128,Snacks,152.58,1629,SPRINGSALE,Houston,0.0,0,248552.82,5307
2011-09-22,496,Cosmetics,437.2,213,WELCOME20,San Antonio,0.2,0,93123.59999999999,5121
2012-05-11,415,Beverages,47.45,897,SPRINGSALE,New York,0.0,0,42562.65,4889
2011-11-15,506,Clothes,109.28,3374,SAVE10,New York,0.1,0,368710.72000000003,5067
2010-01-27,896,Beverages,47.45,9367,WELCOME20,San Jose,0.2,0,444464.15,5724
2011-08-17,684,Baby Food,255.28,7632,SPRINGSALE,San Jose,0.0,0,1948296.96,5157
2014-09-06,530,Beverages,47.45,8954,WELCOME20,Phoenix,0.2,0,424867.30000000005,4041
2014-09-03,319,Cereal,205.7,1150,FREESHIP,Phoenix,0.0,1,236555.0,4044
2015-09-05,968,Office Supplies,651.21,4071,WELCOME20,Phoenix,0.2,0,2651075.91,3677
2011-06-20,727,Baby Food,255.28,4594,SPRINGSALE,Houston,0.0,0,1172756.32,5215
2012-01-12,204,Snacks,152.58,1632,WELCOME20,San Antonio,0.2,0,249010.56000000003,5009
2017-01-23,513,Household,668.27,1127,HOLIDAY15,Phoenix,0.15,0,753140.29,3171
2012-03-04,622,Vegetables,154.06,1052,WELCOME20,New York,0.2,0,162071.12,4957
2010-07-18,472,Meat,421.89,6413,WELCOME20,San Antonio,0.2,0,2705580.57,5552
2011-04-12,513,Snacks,152.58,4245,SAVE10,Houston,0.1,0,647702.1000000001,5284
2010-10-03,350,Snacks,152.58,8615,HOLIDAY15,San Antonio,0.15,0,1314476.7000000002,5475
2013-12-29,141,Baby Food,255.28,5624,HOLIDAY15,San Antonio,0.15,0,1435694.72,4292
2015-09-19,109,Clothes,109.28,8399,SAVE10,Los Angeles,0.1,0,917842.72,3663
2011-09-17,388,Fruits,9.33,2104,WELCOME20,Philadelphia,0.2,0,19630.32,5126
2010-03-11,479,Snacks,152.58,8929,SPRINGSALE,Los Angeles,0.0,0,1362386.82,5681
2012-11-10,663,Household,668.27,3098,WELCOME20,New York,0.2,0,2070300.46,4706
2011-02-16,893,Clothes,109.28,5867,HOLIDAY15,Houston,0.15,0,641145.76,5339
2012-08-13,760,Cosmetics,437.2,522,FREESHIP,Philadelphia,0.0,1,228218.4,4795
2014-08-28,781,Snacks,152.58,7379,SAVE10,Los Angeles,0.1,0,1125887.82,4050
2015-08-19,298,Office Supplies,651.21,8788,SPRINGSALE,Los Angeles,0.0,0,5722833.48,3694
2011-03-20,547,Beverages,47.45,4129,WELCOME20,Philadelphia,0.2,0,195921.05000000002,5307
2013-04-16,781,Beverages,47.45,4811,FREESHIP,Houston,0.0,1,228281.95,4549
2015-11-13,577,Baby Food,255.28,9279,SAVE10,San Diego,0.1,0,2368743.12,3608
2014-01-10,663,Household,668.27,8006,WELCOME20,Phoenix,0.2,0,5350169.62,4280
2015-04-09,932,Office Supplies,651.21,8496,HOLIDAY15,Philadelphia,0.15,0,5532680.16,3826
2013-01-07,298,Household,668.27,285,SPRINGSALE,Chicago,0.0,0,190456.94999999998,4648
2013-02-12,946,Personal Care,81.73,9942,SPRINGSALE,Dallas,0.0,0,812559.66,4612
2014-11-28,492,Meat,421.89,6064,SAVE10,Chicago,0.1,0,2558340.96,3958
2015-01-03,827,Meat,421.89,4281,SAVE10,Chicago,0.1,0,1806111.0899999999,3922
2011-02-03,329,Personal Care,81.73,2256,FREESHIP,Philadelphia,0.0,1,184382.88,5352
2013-04-09,967,Snacks,152.58,4679,SPRINGSALE,San Jose,0.0,0,713921.8200000001,4556
2017-07-26,818,Cosmetics,437.2,8275,SPRINGSALE,San Jose,0.0,0,3617830.0,2987
2017-04-15,489,Fruits,9.33,6798,HOLIDAY15,Houston,0.15,0,63425.340000000004,3089
2014-05-16,432,Baby Food,255.28,6035,HOLIDAY15,Dallas,0.15,0,1540614.8,4154
2015-08-12,719,Baby Food,255.28,8803,SPRINGSALE,New York,0.0,0,2247229.84,3701
2013-09-20,997,Snacks,152.58,9951,SPRINGSALE,Los Angeles,0.0,0,1518323.58,4392
2013-10-31,690,Cereal,205.7,1358,SPRINGSALE,Chicago,0.0,0,279340.6,4351
2014-07-30,781,Cereal,205.7,6936,SPRINGSALE,Phoenix,0.0,0,1426735.2,4079
2011-11-12,224,Fruits,9.33,7627,WELCOME20,Philadelphia,0.2,0,71159.91,5070
2010-03-25,647,Snacks,152.58,6405,SAVE10,New York,0.1,0,977274.9,5667
2011-07-04,910,Cereal,205.7,3274,FREESHIP,Phoenix,0.0,1,673461.7999999999,5201
2011-01-01,798,Baby Food,255.28,271,FREESHIP,San Jose,0.0,1,69180.88,5385
2016-06-16,338,Clothes,109.28,6463,FREESHIP,San Diego,0.0,1,706276.64,3392
2013-12-17,480,Fruits,9.33,2949,SPRINGSALE,Philadelphia,0.0,0,27514.170000000002,4304
2017-03-01,157,Meat,421.89,7859,WELCOME20,Dallas,0.2,0,3315633.51,3134
2010-07-02,574,Baby Food,255.28,1353,FREESHIP,Phoenix,0.0,1,345393.84,5568
2013-07-16,688,Snacks,152.58,624,SPRINGSALE,San Antonio,0.0,0,95209.92000000001,4458
2016-08-16,441,Office Supplies,651.21,4897,HOLIDAY15,Phoenix,0.15,0,3188975.37,3331
2014-12-16,142,Meat,421.89,424,FREESHIP,Chicago,0.0,1,178881.36,3940
2012-05-14,514,Office Supplies,651.21,5494,SPRINGSALE,Los Angeles,0.0,0,3577747.74,4886
2017-07-18,360,Household,668.27,5423,WELCOME20,New York,0.2,0,3624028.21,2995
2017-07-09,162,Personal Care,81.73,7559,HOLIDAY15,Philadelphia,0.15,0,617797.0700000001,3004
2011-09-30,600,Office Supplies,651.21,6283,HOLIDAY15,Philadelphia,0.15,0,4091552.43,5113
2015-11-24,584,Vegetables,154.06,8006,WELCOME20,Phoenix,0.2,0,1233404.36,3597
2012-08-14,863,Office Supplies,651.21,6170,HOLIDAY15,Philadelphia,0.15,0,4017965.7,4794
2015-12-06,175,Clothes,109.28,6249,WELCOME20,Chicago,0.2,0,682890.72,3585
2014-05-25,911,Vegetables,154.06,748,FREESHIP,Houston,0.0,1,115236.88,4145
2012-10-18,770,Beverages,47.45,4203,SPRINGSALE,Chicago,0.0,0,199432.35,4729
2013-03-13,445,Office Supplies,651.21,8180,SPRINGSALE,Dallas,0.0,0,5326897.800000001,4583
2011-02-23,979,Office Supplies,651.21,6280,HOLIDAY15,San Diego,0.15,0,4089598.8000000003,5332
2014-08-15,341,Household,668.27,9131,WELCOME20,Chicago,0.2,0,6101973.37,4063
2017-07-06,122,Personal Care,81.73,9396,HOLIDAY15,Phoenix,0.15,0,767935.0800000001,3007
2010-12-31,349,Clothes,109.28,6765,SPRINGSALE,Chicago,0.0,0,739279.2,5386
2010-01-13,692,Personal Care,81.73,2964,SPRINGSALE,Philadelphia,0.0,0,242247.72,5738
2011-09-17,186,Office Supplies,651.21,6746,SAVE10,Phoenix,0.1,0,4393062.66,5126
2014-03-08,898,Office Supplies,651.21,8898,WELCOME20,Phoenix,0.2,0,5794466.58,4223
2012-11-18,569,Clothes,109.28,7237,HOLIDAY15,San Antonio,0.15,0,790859.36,4698
2011-11-18,386,Personal Care,81.73,1612,SPRINGSALE,San Diego,0.0,0,131748.76,5064
2012-07-12,923,Beverages,47.45,8904,WELCOME20,San Antonio,0.2,0,422494.80000000005,4827
2017-03-30,307,Personal Care,81.73,8022,FREESHIP,Phoenix,0.0,1,655638.06,3105
2010-07-26,424,Personal Care,81.73,4909,FREESHIP,San Jose,0.0,1,401212.57,5544
2015-12-24,874,Personal Care,81.73,7539,SPRINGSALE,San Antonio,0.0,0,616162.47,3567
2016-05-15,584,Office Supplies,651.21,917,FREESHIP,Houston,0.0,1,597159.5700000001,3424
2010-11-03,402,Meat,421.89,2079,SPRINGSALE,San Antonio,0.0,0,877109.3099999999,5444
2010-12-01,428,Meat,421.89,5093,FREESHIP,Los Angeles,0.0,1,2148685.77,5416
2014-01-16,383,Snacks,152.58,6056,HOLIDAY15,Houston,0.15,0,924024.4800000001,4274
2014-12-11,450,Baby Food,255.28,8099,SPRINGSALE,Dallas,0.0,0,2067512.72,3945
2016-12-24,969,Cosmetics,437.2,6384,HOLIDAY15,Chicago,0.15,0,2791084.8,3201
2013-03-21,872,Household,668.27,3101,SPRINGSALE,San Antonio,0.0,0,2072305.27,4575
2012-12-08,546,Personal Care,81.73,2476,SAVE10,Philadelphia,0.1,0,202363.48,4678
2015-02-13,759,Baby Food,255.28,5763,WELCOME20,San Antonio,0.2,0,1471178.64,3881
2012-03-28,907,Beverages,47.45,6247,SAVE10,San Antonio,0.1,0,296420.15,4933
2016-10-07,849,Vegetables,154.06,4247,HOLIDAY15,San Diego,0.15,0,654292.8200000001,3279
2011-12-15,551,Beverages,47.45,2111,WELCOME20,Dallas,0.2,0,100166.95000000001,5037
2016-03-08,834,Household,668.27,9219,SPRINGSALE,San Diego,0.0,0,6160781.13,3492
2011-01-18,114,Baby Food,255.28,6982,HOLIDAY15,Chicago,0.15,0,1782364.96,5368
2013-04-11,826,Clothes,109.28,3843,HOLIDAY15,Los Angeles,0.15,0,419963.04,4554
2010-05-18,962,Fruits,9.33,274,SPRINGSALE,Los Angeles,0.0,0,2556.42,5613
2017-06-05,871,Cereal,205.7,3782,WELCOME20,San Antonio,0.2,0,777957.3999999999,3038
2012-09-11,143,Personal Care,81.73,3901,FREESHIP,Philadelphia,0.0,1,318828.73000000004,4766
2017-03-08,228,Baby Food,255.28,7200,WELCOME20,Dallas,0.2,0,1838016.0,3127
2015-01-28,389,Household,668.27,2278,SAVE10,Houston,0.1,0,1522319.06,3897
2010-07-26,162,Personal Care,81.73,4763,WELCOME20,Los Angeles,0.2,0,389279.99,5544
2016-06-24,876,Snacks,152.58,2317,SAVE10,Philadelphia,0.1,0,353527.86000000004,3384
2012-08-18,244,Meat,421.89,9633,SPRINGSALE,Los Angeles,0.0,0,4064066.3699999996,4790
2010-03-11,990,Vegetables,154.06,3434,SPRINGSALE,Chicago,0.0,0,529042.04,5681
2010-01-14,435,Vegetables,154.06,7475,FREESHIP,Phoenix,0.0,1,1151598.5,5737
2014-02-10,638,Cereal,205.7,7542,SAVE10,New York,0.1,0,1551389.4,4249
2014-01-21,880,Vegetables,154.06,6452,HOLIDAY15,Phoenix,0.15,0,993995.12,4269
2010-02-28,829,Household,668.27,9055,WELCOME20,Chicago,0.2,0,6051184.85,5692
2015-02-18,618,Personal Care,81.73,7230,SPRINGSALE,New York,0.0,0,590907.9,3876
2012-06-14,387,Office Supplies,651.21,4888,HOLIDAY15,Dallas,0.15,0,3183114.48,4855
2013-03-05,842,Clothes,109.28,2972,WELCOME20,Phoenix,0.2,0,324780.16,4591
2014-04-10,852,Household,668.27,4455,SAVE10,Los Angeles,0.1,0,2977142.85,4190
2017-07-26,752,Meat,421.89,9341,SPRINGSALE,Philadelphia,0.0,0,3940874.4899999998,2987
2010-10-19,525,Fruits,9.33,9669,HOLIDAY15,Philadelphia,0.15,0,90211.77,5459
2016-11-08,994,Baby Food,255.28,4503,HOLIDAY15,Philadelphia,0.15,0,1149525.84,3247
2014-03-31,339,Clothes,109.28,4944,FREESHIP,Philadelphia,0.0,1,540280.32,4200
2016-08-18,460,Vegetables,154.06,9121,WELCOME20,San Jose,0.2,0,1405181.26,3329
2016-01-03,762,Personal Care,81.73,7196,SAVE10,San Diego,0.1,0,588129.0800000001,3557
2016-10-21,915,Fruits,9.33,6360,FREESHIP,Los Angeles,0.0,1,59338.8,3265
2016-12-10,354,Baby Food,255.28,5837,HOLIDAY15,Chicago,0.15,0,1490069.36,3215
2011-08-12,829,Vegetables,154.06,1882,WELCOME20,Chicago,0.2,0,289940.92,5162
2012-03-23,118,Clothes,109.28,2782,HOLIDAY15,San Antonio,0.15,0,304016.96,4938
2012-04-27,668,Snacks,152.58,3853,FREESHIP,New York,0.0,1,587890.74,4903
2014-01-29,405,Household,668.27,2445,SPRINGSALE,San Diego,0.0,0,1633920.15,4261
2016-12-13,930,Household,668.27,2936,FREESHIP,San Jose,0.0,1,1962040.72,3212
2013-11-21,964,Baby Food,255.28,1739,SAVE10,Chicago,0.1,0,443931.92,4330
2010-04-07,339,Clothes,109.28,2296,HOLIDAY15,New York,0.15,0,250906.88,5654
2012-07-08,740,Baby Food,255.28,80,FREESHIP,Phoenix,0.0,1,20422.4,4831
2016-10-15,189,Personal Care,81.73,7597,SAVE10,San Jose,0.1,0,620902.81,3271
2012-09-18,664,Meat,421.89,9381,WELCOME20,San Antonio,0.2,0,3957750.09,4759
2017-07-02,682,Office Supplies,651.21,7002,HOLIDAY15,Philadelphia,0.15,0,4559772.42,3011
2011-07-21,285,Cosmetics,437.2,4056,SAVE10,Dallas,0.1,0,1773283.2,5184
2010-06-01,921,Vegetables,154.06,1175,SAVE10,Chicago,0.1,0,181020.5,5599
2015-07-26,441,Office Supplies,651.21,1020,HOLIDAY15,Dallas,0.15,0,664234.2000000001,3718
2010-08-06,432,Baby Food,255.28,3282,FREESHIP,San Diego,0.0,1,837828.96,5533
2010-06-20,230,Office Supplies,651.21,9685,FREESHIP,Houston,0.0,1,6306968.850000001,5580
2012-04-08,870,Cereal,205.7,8985,WELCOME20,Philadelphia,0.2,0,1848214.5,4922
2014-02-27,365,Cereal,205.7,1967,SPRINGSALE,San Antonio,0.0,0,404611.89999999997,4232
2011-07-25,784,Household,668.27,6449,FREESHIP,Philadelphia,0.0,1,4309673.2299999995,5180
2016-02-18,573,Baby Food,255.28,2279,SAVE10,Chicago,0.1,0,581783.12,3511
2014-01-24,967,Baby Food,255.28,6338,SAVE10,Philadelphia,0.1,0,1617964.64,4266
2015-05-10,246,Personal Care,81.73,7536,HOLIDAY15,Los Angeles,0.15,0,615917.28,3795
2012-02-13,580,Clothes,109.28,1816,FREESHIP,Phoenix,0.0,1,198452.48,4977
2012-09-07,146,Cereal,205.7,7151,WELCOME20,New York,0.2,0,1470960.7,4770
2015-02-04,271,Office Supplies,651.21,8547,SPRINGSALE,Chicago,0.0,0,5565891.87,3890
2010-11-16,235,Fruits,9.33,3039,HOLIDAY15,Dallas,0.15,0,28353.87,5431
2011-07-20,661,Vegetables,154.06,4695,HOLIDAY15,Phoenix,0.15,0,723311.7,5185
2014-07-26,332,Beverages,47.45,9614,WELCOME20,Chicago,0.2,0,456184.30000000005,4083
2014-08-24,877,Meat,421.89,924,WELCOME20,Philadelphia,0.2,0,389826.36,4054
2015-02-25,500,Vegetables,154.06,3789,HOLIDAY15,San Jose,0.15,0,583733.34,3869
2016-09-21,882,Household,668.27,399,SPRINGSALE,Chicago,0.0,0,266639.73,3295
2013-06-28,961,Household,668.27,4979,FREESHIP,San Diego,0.0,1,3327316.33,4476
2012-01-05,510,Meat,421.89,8783,HOLIDAY15,San Jose,0.15,0,3705459.87,5016
2012-05-01,393,Beverages,47.45,5098,SPRINGSALE,San Jose,0.0,0,241900.1,4899
2011-10-13,490,Cereal,205.7,4240,SPRINGSALE,Chicago,0.0,0,872168.0,5100
2016-04-27,607,Household,668.27,8559,WELCOME20,San Jose,0.2,0,5719722.93,3442
2014-01-19,198,Meat,421.89,7435,HOLIDAY15,Chicago,0.15,0,3136752.15,4271
2016-11-06,675,Fruits,9.33,2278,HOLIDAY15,Chicago,0.15,0,21253.74,3249
2011-02-28,615,Household,668.27,1531,HOLIDAY15,Chicago,0.15,0,1023121.37,5327
2014-10-11,126,Baby Food,255.28,5668,FREESHIP,New York,0.0,1,1446927.04,4006
2012-06-25,858,Beverages,47.45,2193,FREESHIP,Chicago,0.0,1,104057.85,4844
2012-11-06,529,Household,668.27,642,HOLIDAY15,Chicago,0.15,0,429029.33999999997,4710
2014-02-24,609,Household,668.27,7584,SAVE10,New York,0.1,0,5068159.68,4235
2015-09-19,400,Baby Food,255.28,1616,SAVE10,Dallas,0.1,0,412532.48,3663
2014-03-04,406,Snacks,152.58,8369,SAVE10,Houston,0.1,0,1276942.02,4227
2014-10-08,666,Fruits,9.33,5503,SPRINGSALE,Los Angeles,0.0,0,51342.99,4009
2012-06-19,469,Vegetables,154.06,7712,SPRINGSALE,Houston,0.0,0,1188110.72,4850
2010-11-11,128,Clothes,109.28,1718,FREESHIP,Los Angeles,0.0,1,187743.04,5436
2010-11-01,527,Personal Care,81.73,1276,SPRINGSALE,Dallas,0.0,0,104287.48000000001,5446
2014-04-28,418,Vegetables,154.06,2173,SAVE10,San Jose,0.1,0,334772.38,4172
2012-12-22,891,Snacks,152.58,7227,FREESHIP,New York,0.0,1,1102695.6600000001,4664
2014-08-25,936,Household,668.27,1285,FREESHIP,Philadelphia,0.0,1,858726.95,4053
2016-11-26,267,Fruits,9.33,6227,SAVE10,Phoenix,0.1,0,58097.91,3229
2010-10-20,657,Cereal,205.7,5965,WELCOME20,San Antonio,0.2,0,1227000.5,5458
2014-12-18,875,Meat,421.89,1441,WELCOME20,Chicago,0.2,0,607943.49,3938
2011-03-20,189,Clothes,109.28,5629,SAVE10,San Jose,0.1,0,615137.12,5307
2016-07-12,370,Cosmetics,437.2,8534,SPRINGSALE,Philadelphia,0.0,0,3731064.8,3366
2011-01-26,140,Household,668.27,2191,HOLIDAY15,San Jose,0.15,0,1464179.57,5360
2010-02-24,531,Office Supplies,651.21,5668,HOLIDAY15,Chicago,0.15,0,3691058.2800000003,5696
2015-01-02,820,Vegetables,154.06,64,FREESHIP,Dallas,0.0,1,9859.84,3923
2016-07-26,820,Office Supplies,651.21,3509,FREESHIP,San Antonio,0.0,1,2285095.89,3352
2014-06-01,712,Vegetables,154.06,6163,SPRINGSALE,Chicago,0.0,0,949471.78,4138
2012-12-21,878,Beverages,47.45,5220,SPRINGSALE,Los Angeles,0.0,0,247689.00000000003,4665
2010-02-27,953,Household,668.27,9902,FREESHIP,Philadelphia,0.0,1,6617209.54,5693
2016-04-24,832,Vegetables,154.06,6465,WELCOME20,Chicago,0.2,0,995997.9,3445
2012-07-22,637,Vegetables,154.06,3195,FREESHIP,Los Angeles,0.0,1,492221.7,4817
2015-02-22,348,Cereal,205.7,5409,FREESHIP,San Antonio,0.0,1,1112631.3,3872
2011-02-10,504,Beverages,47.45,455,SAVE10,San Antonio,0.1,0,21589.75,5345
2015-01-21,487,Cosmetics,437.2,2715,HOLIDAY15,San Diego,0.15,0,1186998.0,3904
2012-05-10,569,Beverages,47.45,8598,SPRINGSALE,San Antonio,0.0,0,407975.10000000003,4890
2015-12-16,921,Vegetables,154.06,1547,SPRINGSALE,Dallas,0.0,0,238330.82,3575
2017-02-25,610,Vegetables,154.06,7036,SPRINGSALE,Chicago,0.0,0,1083966.16,3138
2012-01-31,184,Baby Food,154.06,7570,SAVE10,Philadelphia,0.1,0,1166234.2,4990
2013-02-07,924,Cosmetics,437.2,7685,SAVE10,San Antonio,0.1,0,3359882.0,4617
2014-09-14,850,Household,668.27,8948,SAVE10,San Jose,0.1,0,5979679.96,4033
2012-06-05,663,Cereal,205.7,4957,HOLIDAY15,Philadelphia,0.15,0,1019654.8999999999,4864
2014-04-05,669,Cosmetics,437.2,6344,WELCOME20,Houston,0.2,0,2773596.8,4195
2014-02-02,325,Office Supplies,651.21,5768,SAVE10,San Antonio,0.1,0,3756179.2800000003,4257
2010-09-01,392,Office Supplies,651.21,2923,SAVE10,San Antonio,0.1,0,1903486.83,5507
2011-05-17,746,Office Supplies,651.21,9532,HOLIDAY15,Los Angeles,0.15,0,6207333.720000001,5249
2013-04-21,257,Beverages,47.45,4349,HOLIDAY15,Chicago,0.15,0,206360.05000000002,4544
2014-08-10,771,Beverages,47.45,8161,WELCOME20,San Antonio,0.2,0,387239.45,4068
2010-09-19,514,Snacks,152.58,8786,FREESHIP,San Antonio,0.0,1,1340567.8800000001,5489
2013-04-13,599,Personal Care,81.73,6071,FREESHIP,Dallas,0.0,1,496182.83,4552
2016-01-28,656,Fruits,9.33,6897,SAVE10,San Diego,0.1,0,64349.01,3532
2013-12-09,770,Clothes,109.28,175,WELCOME20,Phoenix,0.2,0,19124.0,4312
2014-02-21,240,Cereal,205.7,1848,WELCOME20,New York,0.2,0,380133.6,4238
2017-06-09,624,Clothes,109.28,9888,HOLIDAY15,Chicago,0.15,0,1080560.64,3034
2014-04-17,605,Household,668.27,9302,SAVE10,Houston,0.1,0,6216247.54,4183
2011-05-20,624,Fruits,9.33,7124,WELCOME20,Dallas,0.2,0,66466.92,5246
2012-08-28,693,Vegetables,154.06,7422,HOLIDAY15,New York,0.15,0,1143433.32,4780
2015-07-25,960,Cosmetics,437.2,6296,SAVE10,Chicago,0.1,0,2752611.1999999997,3719
2014-10-27,525,Cosmetics,437.2,6874,SAVE10,San Jose,0.1,0,3005312.8,3990
2013-10-18,852,Household,668.27,4319,WELCOME20,San Jose,0.2,0,2886258.13,4364
2013-02-15,567,Beverages,47.45,822,SPRINGSALE,Los Angeles,0.0,0,39003.9,4609
2014-07-08,916,Baby Food,255.28,607,HOLIDAY15,Philadelphia,0.15,0,154954.96,4101
2016-12-12,799,Cereal,205.7,4928,SPRINGSALE,New York,0.0,0,1013689.6,3213
2012-11-24,228,Cereal,205.7,7073,FREESHIP,San Diego,0.0,1,1454916.0999999999,4692
2014-11-03,721,Baby Food,255.28,7358,WELCOME20,Houston,0.2,0,1878350.24,3983
2013-08-03,102,Meat,421.89,8132,SAVE10,Dallas,0.1,0,3430809.48,4440
2012-05-23,149,Personal Care,81.73,8775,WELCOME20,New York,0.2,0,717180.75,4877
2015-07-22,332,Clothes,109.28,699,SPRINGSALE,Philadelphia,0.0,0,76386.72,3722
2017-02-01,778,Clothes,109.28,2344,HOLIDAY15,San Diego,0.15,0,256152.32,3162
2012-01-28,523,Beverages,47.45,4186,SPRINGSALE,New York,0.0,0,198625.7,4993
2015-08-03,687,Beverages,47.45,3729,FREESHIP,Phoenix,0.0,1,176941.05000000002,3710
2013-06-23,180,Baby Food,255.28,508,SAVE10,New York,0.1,0,129682.24,4481
2011-08-03,811,Meat,421.89,1093,FREESHIP,Houston,0.0,1,461125.76999999996,5171
2016-10-30,740,Meat,421.89,4080,HOLIDAY15,Philadelphia,0.15,0,1721311.2,3256
2010-09-05,735,Vegetables,154.06,5100,HOLIDAY15,San Antonio,0.15,0,785706.0,5503
2013-07-13,542,Beverages,47.45,1815,WELCOME20,Houston,0.2,0,86121.75,4461
2012-10-09,654,Vegetables,154.06,8916,SAVE10,San Antonio,0.1,0,1373598.96,4738
2012-01-03,310,Vegetables,154.06,3127,SAVE10,Los Angeles,0.1,0,481745.62,5018
2012-02-08,835,Baby Food,255.28,8203,HOLIDAY15,Dallas,0.15,0,2094061.84,4982
2015-01-03,131,Clothes,109.28,9930,WELCOME20,Los Angeles,0.2,0,1085150.4,3922
2012-05-13,930,Personal Care,81.73,1126,HOLIDAY15,Dallas,0.15,0,92027.98000000001,4887
2012-01-13,107,Snacks,152.58,6639,SPRINGSALE,Dallas,0.0,0,1012978.6200000001,5008
2011-07-30,303,Cereal,205.7,8349,SAVE10,Phoenix,0.1,0,1717389.2999999998,5175
2017-03-13,503,Snacks,152.58,167,HOLIDAY15,Houston,0.15,0,25480.86,3122
2017-03-23,337,Office Supplies,651.21,3036,HOLIDAY15,San Antonio,0.15,0,1977073.56,3112
2016-03-16,319,Baby Food,255.28,9929,SAVE10,Philadelphia,0.1,0,2534675.12,3484
2015-12-18,184,Beverages,47.45,851,SPRINGSALE,Los Angeles,0.0,0,40379.950000000004,3573
2011-10-25,860,Fruits,9.33,7838,HOLIDAY15,Chicago,0.15,0,73128.54,5088
2011-06-30,856,Baby Food,255.28,9958,WELCOME20,Dallas,0.2,0,2542078.24,5205
2016-03-27,142,Cosmetics,437.2,8309,HOLIDAY15,San Jose,0.15,0,3632694.8,3473
2016-12-23,453,Household,668.27,1021,FREESHIP,Los Angeles,0.0,1,682303.6699999999,3202
2013-04-18,160,Fruits,9.33,8256,FREESHIP,San Diego,0.0,1,77028.48,4547
2017-03-08,836,Household,668.27,7205,WELCOME20,Los Angeles,0.2,0,4814885.35,3127
2011-06-03,495,Personal Care,81.73,7092,WELCOME20,Phoenix,0.2,0,579629.16,5232
2013-11-30,502,Personal Care,81.73,4173,HOLIDAY15,San Jose,0.15,0,341059.29000000004,4321
2013-05-11,117,Cereal,205.7,6733,SAVE10,Philadelphia,0.1,0,1384978.0999999999,4524
2010-11-13,487,Personal Care,81.73,89,HOLIDAY15,New York,0.15,0,7273.97,5434
2016-03-09,494,Office Supplies,651.21,1591,SAVE10,Houston,0.1,0,1036075.1100000001,3491
2013-08-19,162,Snacks,152.58,5618,WELCOME20,Dallas,0.2,0,857194.4400000001,4424
2011-04-19,387,Beverages,47.45,8581,HOLIDAY15,Dallas,0.15,0,407168.45,5277
2014-07-20,693,Baby Food,255.28,3923,HOLIDAY15,Chicago,0.15,0,1001463.4400000001,4089
2014-09-08,527,Beverages,47.45,7117,SPRINGSALE,Philadelphia,0.0,0,337701.65,4039
2015-06-04,182,Household,668.27,668,SPRINGSALE,Dallas,0.0,0,446404.36,3770
2013-12-19,575,Cereal,205.7,9113,SAVE10,San Jose,0.1,0,1874544.0999999999,4302
2012-05-18,280,Cereal,205.7,4019,HOLIDAY15,San Jose,0.15,0,826708.2999999999,4882
2013-10-12,656,Cosmetics,437.2,8984,HOLIDAY15,Houston,0.15,0,3927804.8,4370
2011-01-02,551,Fruits,9.33,4638,HOLIDAY15,San Antonio,0.15,0,43272.54,5384
2013-02-02,383,Household,668.27,3642,FREESHIP,Houston,0.0,1,2433839.34,4622
2011-03-19,452,Baby Food,255.28,5689,SAVE10,Chicago,0.1,0,1452287.92,5308
2012-10-03,956,Personal Care,81.73,2503,SPRINGSALE,Dallas,0.0,0,204570.19,4744
2014-10-23,433,Beverages,47.45,2838,WELCOME20,Houston,0.2,0,134663.1,3994
2015-07-12,889,Baby Food,255.28,7480,,Philadelphia,0.0,,1909494.4,3732
2010-05-06,704,Cereal,205.7,4247,SAVE10,Houston,0.1,0,873607.8999999999,5625
2010-11-27,589,Vegetables,154.06,2988,HOLIDAY15,San Jose,0.15,0,460331.28,5420
2010-12-26,197,Clothes,109.28,582,HOLIDAY15,San Diego,0.15,0,63600.96,5391
2012-12-30,174,Cosmetics,437.2,5940,SAVE10,San Diego,0.1,0,2596968.0,4656
2016-08-21,728,Personal Care,81.73,5005,SPRINGSALE,New York,0.0,0,409058.65,3326
2015-02-03,679,Personal Care,81.73,5751,HOLIDAY15,Philadelphia,0.15,0,470029.23000000004,3891
2013-12-19,574,Cereal,205.7,3181,HOLIDAY15,Philadelphia,0.15,0,654331.7,4302
2012-05-12,582,Meat,421.89,4334,SAVE10,Philadelphia,0.1,0,1828471.26,4888
2014-03-28,963,Meat,421.89,3275,SPRINGSALE,San Jose,0.0,0,1381689.75,4203
2017-01-11,967,Personal Care,81.73,6103,SAVE10,San Jose,0.1,0,498798.19,3183
2015-06-21,903,Baby Food,255.28,5949,HOLIDAY15,Phoenix,0.15,0,1518660.72,3753
2012-11-29,601,Cosmetics,437.2,7974,WELCOME20,Los Angeles,0.2,0,3486232.8,4687
2010-01-01,387,Vegetables,154.06,4369,HOLIDAY15,Phoenix,0.15,0,673088.14,5750
2016-01-06,461,Meat,421.89,9359,WELCOME20,Chicago,0.2,0,3948468.51,3554
2014-10-14,127,Beverages,47.45,4199,HOLIDAY15,San Diego,0.15,0,199242.55000000002,4003
2013-12-09,692,Office Supplies,651.21,2173,WELCOME20,San Diego,0.2,0,1415079.33,4312
2010-10-19,804,Cereal,205.7,3601,SPRINGSALE,New York,0.0,0,740725.7,5459
2011-05-02,293,Personal Care,81.73,830,SAVE10,Dallas,0.1,0,67835.90000000001,5264
2011-03-17,281,Snacks,152.58,3241,HOLIDAY15,San Jose,0.15,0,494511.78,5310
2014-09-24,349,Office Supplies,651.21,2244,FREESHIP,Houston,0.0,1,1461315.24,4023
2015-12-01,251,Cereal,205.7,6283,HOLIDAY15,Chicago,0.15,0,1292413.0999999999,3590
2017-06-02,282,Cereal,205.7,5829,HOLIDAY15,Los Angeles,0.15,0,1199025.3,3041
2011-08-04,683,Cosmetics,437.2,8390,SPRINGSALE,Los Angeles,0.0,0,3668108.0,5170
2014-07-29,348,Meat,421.89,3499,WELCOME20,Houston,0.2,0,1476193.1099999999,4080
2017-01-26,170,Meat,421.89,7726,SPRINGSALE,San Jose,0.0,0,3259522.1399999997,3168
2010-11-05,490,Fruits,9.33,9669,FREESHIP,San Jose,0.0,1,90211.77,5442
2015-03-26,481,Baby Food,255.28,4957,WELCOME20,New York,0.2,0,1265422.96,3840
2012-10-07,452,Clothes,109.28,1251,SPRINGSALE,San Diego,0.0,0,136709.28,4740
2013-07-22,650,Meat,421.89,3245,SAVE10,Dallas,0.1,0,1369033.05,4452
2013-08-16,658,Cosmetics,437.2,7661,SPRINGSALE,Philadelphia,0.0,0,3349389.1999999997,4427
2013-11-05,716,Personal Care,81.73,8254,SPRINGSALE,Dallas,0.0,0,674599.42,4346
2016-03-01,574,Office Supplies,651.21,812,WELCOME20,New York,0.2,0,528782.52,3499
2012-03-25,625,Meat,421.89,8150,SAVE10,Houston,0.1,0,3438403.5,4936
2017-06-20,934,Cosmetics,437.2,5118,HOLIDAY15,San Diego,0.15,0,2237589.6,3023
2014-04-18,305,Cosmetics,437.2,3596,HOLIDAY15,New York,0.15,0,1572171.2,4182
2016-06-28,250,Clothes,109.28,7494,FREESHIP,San Jose,0.0,1,818944.3200000001,3380
2012-05-20,419,Meat,421.89,7755,HOLIDAY15,Chicago,0.15,0,3271756.9499999997,4880
2014-02-04,960,Office Supplies,651.21,7353,SAVE10,San Antonio,0.1,0,4788347.13,4255
2015-11-15,948,Beverages,47.45,6293,HOLIDAY15,Chicago,0.15,0,298602.85000000003,3606
2013-01-11,999,Baby Food,255.28,6610,FREESHIP,San Antonio,0.0,1,1687400.8,4644
2013-04-24,122,Snacks,152.58,7373,FREESHIP,Philadelphia,0.0,1,1124972.34,4541
2010-05-15,794,Cosmetics,437.2,9679,SAVE10,San Jose,0.1,0,4231658.8,5616
2010-04-17,629,Cosmetics,437.2,1659,FREESHIP,Phoenix,0.0,1,725314.7999999999,5644
2012-08-25,562,Vegetables,154.06,3473,FREESHIP,San Antonio,0.0,1,535050.38,4783
2014-04-19,517,Household,668.27,2315,SPRINGSALE,New York,0.0,0,1547045.05,4181
2013-02-26,275,Household,668.27,7408,WELCOME20,San Jose,0.2,0,4950544.16,4598
2011-12-28,689,Baby Food,255.28,5006,SAVE10,Philadelphia,0.1,0,1277931.68,5024
2014-08-21,360,Baby Food,255.28,3395,SAVE10,Dallas,0.1,0,866675.6,4057
2014-08-21,973,Vegetables,154.06,7894,FREESHIP,Houston,0.0,1,1216149.6400000001,4057
2014-03-02,564,Cereal,205.7,5851,HOLIDAY15,Los Angeles,0.15,0,1203550.7,4229
2012-09-06,344,Household,668.27,1646,SAVE10,Los Angeles,0.1,0,1099972.42,4771
2010-09-16,969,Fruits,9.33,1689,SPRINGSALE,Dallas,0.0,0,15758.37,5492
2013-08-13,465,Beverages,47.45,9424,WELCOME20,Houston,0.2,0,447168.80000000005,4430
2012-09-11,330,Personal Care,81.73,323,SPRINGSALE,Philadelphia,0.0,0,26398.79,4766
2011-08-31,525,Office Supplies,651.21,6892,FREESHIP,Los Angeles,0.0,1,4488139.32,5143
2015-04-21,120,Cosmetics,437.2,3667,FREESHIP,Chicago,0.0,1,1603212.4,3814
2010-07-11,797,Household,668.27,2215,HOLIDAY15,Chicago,0.15,0,1480218.05,5559
2015-08-09,847,Meat,421.89,6135,WELCOME20,Phoenix,0.2,0,2588295.15,3704
2015-10-17,422,Meat,421.89,6057,WELCOME20,Houston,0.2,0,2555387.73,3635
2012-07-24,523,Cereal,205.7,4641,SPRINGSALE,Dallas,0.0,0,954653.7,4815
2012-03-25,676,Snacks,152.58,1581,SPRINGSALE,Los Angeles,0.0,0,241228.98,4936
2014-08-11,972,Baby Food,255.28,8600,FREESHIP,San Antonio,0.0,1,2195408.0,4067
2016-10-15,312,Cereal,205.7,4452,HOLIDAY15,San Jose,0.15,0,915776.3999999999,3271
2016-12-03,771,Cosmetics,437.2,9924,SPRINGSALE,Dallas,0.0,0,4338772.8,3222
2010-06-12,884,Personal Care,81.73,2834,SPRINGSALE,Phoenix,0.0,0,231622.82,5588
2016-07-29,433,Vegetables,154.06,3030,SAVE10,Phoenix,0.1,0,466801.8,3349
2013-12-09,510,Office Supplies,651.21,7391,FREESHIP,Phoenix,0.0,1,4813093.11,4312
2012-07-12,631,Clothes,109.28,4829,SAVE10,San Antonio,0.1,0,527713.12,4827
2012-01-14,301,Fruits,9.33,1287,HOLIDAY15,San Diego,0.15,0,12007.710000000001,5007
2013-03-20,346,Personal Care,81.73,4738,SAVE10,Chicago,0.1,0,387236.74,4576
2014-02-10,522,Household,668.27,186,FREESHIP,Houston,0.0,1,124298.22,4249
2013-10-26,270,Snacks,152.58,4668,SPRINGSALE,Dallas,0.0,0,712243.4400000001,4356
2016-04-16,117,Beverages,47.45,2252,HOLIDAY15,San Antonio,0.15,0,106857.40000000001,3453
2011-05-27,583,Cosmetics,437.2,9036,FREESHIP,Los Angeles,0.0,1,3950539.1999999997,5239
2016-08-04,482,Cereal,205.7,8149,WELCOME20,Los Angeles,0.2,0,1676249.2999999998,3343
2012-07-03,416,Snacks,152.58,4754,SPRINGSALE,Chicago,0.0,0,725365.3200000001,4836
2014-12-04,159,Beverages,47.45,1042,SAVE10,Dallas,0.1,0,49442.9,3952
2010-05-31,577,Cosmetics,437.2,1237,FREESHIP,San Diego,0.0,1,540816.4,5600
2013-02-05,214,Beverages,47.45,6594,WELCOME20,Dallas,0.2,0,312885.30000000005,4619
2015-06-15,868,Beverages,47.45,399,SPRINGSALE,New York,0.0,0,18932.550000000003,3759
2014-10-21,888,Vegetables,154.06,2969,SPRINGSALE,San Diego,0.0,0,457404.14,3996
2017-02-13,782,Snacks,152.58,6653,HOLIDAY15,Dallas,0.15,0,1015114.7400000001,3150
2010-06-29,979,Vegetables,154.06,832,SAVE10,San Antonio,0.1,0,128177.92,5571
2014-05-19,999,Vegetables,154.06,6915,,Los Angeles,0.0,,1065324.9,4151
2015-03-21,657,Meat,421.89,3346,FREESHIP,San Jose,0.0,1,1411643.94,3845
2015-08-31,228,Office Supplies,651.21,598,WELCOME20,Philadelphia,0.2,0,389423.58,3682
2015-08-23,851,Personal Care,81.73,6176,HOLIDAY15,Chicago,0.15,0,504764.48000000004,3690
2016-02-24,751,Cosmetics,437.2,9615,HOLIDAY15,Houston,0.15,0,4203678.0,3505
2015-06-17,857,Household,668.27,7485,SAVE10,Los Angeles,0.1,0,5002000.95,3757
2012-11-27,658,Cereal,205.7,8382,SAVE10,Dallas,0.1,0,1724177.4,4689
2012-09-07,292,Snacks,152.58,7938,SAVE10,Chicago,0.1,0,1211180.04,4770
2012-06-23,919,Clothes,109.28,3812,SAVE10,Houston,0.1,0,416575.36,4846
2014-10-23,558,Beverages,47.45,698,SAVE10,Dallas,0.1,0,33120.1,3994
2015-09-18,544,Cosmetics,437.2,5320,HOLIDAY15,Dallas,0.15,0,2325904.0,3664
2016-01-24,146,Office Supplies,651.21,1431,WELCOME20,San Antonio,0.2,0,931881.51,3536
2010-03-23,565,Fruits,9.33,4818,WELCOME20,Houston,0.2,0,44951.94,5669
2012-07-26,623,Personal Care,81.73,8299,FREESHIP,Houston,0.0,1,678277.27,4813
2015-10-20,816,Clothes,109.28,6722,FREESHIP,Houston,0.0,1,734580.16,3632
2017-06-27,526,Office Supplies,651.21,1968,FREESHIP,San Diego,0.0,1,1281581.28,3016
2016-04-04,270,Beverages,47.45,7946,SAVE10,Phoenix,0.1,0,377037.7,3465
2015-08-05,650,Clothes,109.28,5600,SAVE10,Phoenix,0.1,0,611968.0,3708
2012-06-16,201,Cereal,205.7,7903,HOLIDAY15,Chicago,0.15,0,1625647.0999999999,4853
2016-04-03,829,Cosmetics,437.2,4860,HOLIDAY15,New York,0.15,0,2124792.0,3466
2014-09-21,278,Baby Food,255.28,8508,SPRINGSALE,San Jose,0.0,0,2171922.24,4026
2015-08-08,391,Snacks,152.58,7913,SPRINGSALE,Los Angeles,0.0,0,1207365.54,3705
2012-07-19,239,Office Supplies,651.21,4174,HOLIDAY15,Los Angeles,0.15,0,2718150.54,4820
2011-08-26,384,Snacks,152.58,5421,SAVE10,Phoenix,0.1,0,827136.18,5148
2012-06-23,209,Household,668.27,1816,SPRINGSALE,Los Angeles,0.0,0,1213578.32,4846
2011-11-20,160,Beverages,47.45,550,HOLIDAY15,San Jose,0.15,0,26097.5,5062
2015-05-13,885,Beverages,47.45,848,SAVE10,Chicago,0.1,0,40237.600000000006,3792
2010-07-16,120,Personal Care,81.73,8963,SAVE10,San Jose,0.1,0,732545.99,5554
2016-05-21,289,Cosmetics,437.2,3183,FREESHIP,San Jose,0.0,1,1391607.5999999999,3418
2011-04-22,372,Cosmetics,437.2,8825,SAVE10,Los Angeles,0.1,0,3858290.0,5274
2012-08-14,837,Beverages,47.45,3237,HOLIDAY15,Houston,0.15,0,153595.65000000002,4794
2012-03-17,350,Clothes,109.28,799,SPRINGSALE,Phoenix,0.0,0,87314.72,4944
2010-08-06,688,Household,668.27,7922,FREESHIP,Phoenix,0.0,1,5294034.9399999995,5533
2013-02-25,612,Baby Food,255.28,8049,WELCOME20,Los Angeles,0.2,0,2054748.72,4599
2011-03-06,650,Meat,421.89,6654,HOLIDAY15,Phoenix,0.15,0,2807256.06,5321
2015-12-14,752,Office Supplies,651.21,6240,WELCOME20,San Diego,0.2,0,4063550.4000000004,3577
2017-02-10,504,Office Supplies,651.21,1345,HOLIDAY15,San Jose,0.15,0,875877.4500000001,3153
2016-09-20,271,Office Supplies,651.21,3536,FREESHIP,San Jose,0.0,1,2302678.56,3296
2010-04-30,353,Baby Food,255.28,6411,SPRINGSALE,San Jose,0.0,0,1636600.08,5631
2013-06-25,930,Beverages,47.45,600,HOLIDAY15,Houston,0.15,0,28470.0,4479
2012-07-04,216,Household,668.27,8765,SAVE10,Los Angeles,0.1,0,5857386.55,4835
2013-09-21,414,Snacks,152.58,597,HOLIDAY15,Dallas,0.15,0,91090.26000000001,4391
2016-12-08,675,Personal Care,81.73,7821,SAVE10,San Jose,0.1,0,639210.3300000001,3217
2011-09-02,550,Meat,421.89,9191,HOLIDAY15,San Jose,0.15,0,3877590.9899999998,5141
2011-03-21,935,Personal Care,81.73,5494,SAVE10,Chicago,0.1,0,449024.62,5306
2011-01-08,931,Fruits,9.33,4546,HOLIDAY15,San Diego,0.15,0,42414.18,5378
2015-02-22,771,Office Supplies,651.21,6197,SPRINGSALE,New York,0.0,0,4035548.37,3872
2017-05-15,569,Fruits,9.33,7325,SAVE10,New York,0.1,0,68342.25,3059
2012-07-14,796,Meat,421.89,6844,SAVE10,Dallas,0.1,0,2887415.1599999997,4825
2015-06-25,356,Cereal,205.7,694,WELCOME20,Dallas,0.2,0,142755.8,3749
2011-10-26,686,Snacks,152.58,6850,WELCOME20,Chicago,0.2,0,1045173.0000000001,5087
2014-09-24,135,Office Supplies,651.21,316,HOLIDAY15,New York,0.15,0,205782.36000000002,4023
2015-09-30,353,Office Supplies,651.21,8128,SAVE10,New York,0.1,0,5293034.88,3652
2011-03-31,650,Meat,421.89,4355,HOLIDAY15,Chicago,0.15,0,1837330.95,5296
2013-10-25,691,Beverages,47.45,5093,FREESHIP,Dallas,0.0,1,241662.85,4357
2010-08-12,445,Vegetables,154.06,3475,,San Jose,0.0,,535358.5,5527
2012-07-26,137,Clothes,109.28,4659,FREESHIP,Phoenix,0.0,1,509135.52,4813
2012-09-30,543,Household,668.27,840,HOLIDAY15,Chicago,0.15,0,561346.7999999999,4747
2012-11-09,150,Baby Food,255.28,6240,HOLIDAY15,Los Angeles,0.15,0,1592947.2,4707
2011-11-19,308,Cereal,205.7,2114,HOLIDAY15,San Jose,0.15,0,434849.8,5063
2017-06-09,625,Household,668.27,1749,HOLIDAY15,New York,0.15,0,1168804.23,3034
2011-09-17,134,Snacks,152.58,5462,HOLIDAY15,San Antonio,0.15,0,833391.9600000001,5126
2015-10-23,272,Vegetables,154.06,5602,WELCOME20,Dallas,0.2,0,863044.12,3629
2010-04-03,529,Beverages,47.45,1547,SAVE10,San Diego,0.1,0,73405.15000000001,5658
2014-07-03,193,Vegetables,154.06,4711,HOLIDAY15,Phoenix,0.15,0,725776.66,4106
2014-12-30,293,Cosmetics,437.2,3534,HOLIDAY15,Dallas,0.15,0,1545064.8,3926
2014-05-19,526,Beverages,47.45,8491,SAVE10,Phoenix,0.1,0,402897.95,4151
2012-08-04,859,Cosmetics,437.2,7086,SAVE10,Los Angeles,0.1,0,3097999.1999999997,4804
2010-08-15,575,Baby Food,255.28,8856,HOLIDAY15,San Antonio,0.15,0,2260759.68,5524
2014-04-26,637,Baby Food,255.28,368,SAVE10,Chicago,0.1,0,93943.04,4174
2015-06-10,416,Fruits,9.33,221,FREESHIP,Los Angeles,0.0,1,2061.93,3764
2010-08-12,672,Snacks,152.58,4044,WELCOME20,San Antonio,0.2,0,617033.52,5527
2012-08-28,348,Beverages,47.45,9499,WELCOME20,New York,0.2,0,450727.55000000005,4780
2016-07-15,474,Meat,421.89,1277,SAVE10,Houston,0.1,0,538753.53,3363
2010-09-14,834,Vegetables,154.06,6104,WELCOME20,Chicago,0.2,0,940382.24,5494
2011-03-07,777,Vegetables,154.06,7733,SPRINGSALE,Houston,0.0,0,1191345.98,5320
2012-04-30,598,Fruits,9.33,1950,SPRINGSALE,Houston,0.0,0,18193.5,4900
2013-05-18,536,Snacks,152.58,1574,HOLIDAY15,Los Angeles,0.15,0,240160.92,4517
2014-08-10,153,Meat,421.89,1452,HOLIDAY15,Los Angeles,0.15,0,612584.28,4068
2013-07-31,683,Snacks,152.58,3465,SPRINGSALE,San Antonio,0.0,0,528689.7000000001,4443
2016-07-02,173,Fruits,9.33,1523,WELCOME20,San Jose,0.2,0,14209.59,3376
2011-09-13,399,Fruits,9.33,6569,SPRINGSALE,Houston,0.0,0,61288.770000000004,5130
2011-04-18,472,Beverages,47.45,1578,SPRINGSALE,Los Angeles,0.0,0,74876.1,5278
2017-02-09,844,Meat,421.89,6552,FREESHIP,Philadelphia,0.0,1,2764223.28,3154
2016-11-20,824,Cosmetics,437.2,3530,SAVE10,Chicago,0.1,0,1543316.0,3235
2010-10-16,496,Baby Food,255.28,1578,SPRINGSALE,Philadelphia,0.0,0,402831.84,5462
2015-03-15,491,Snacks,152.58,1794,HOLIDAY15,San Jose,0.15,0,273728.52,3851
2013-06-25,342,Household,668.27,2309,FREESHIP,Phoenix,0.0,1,1543035.43,4479
2012-10-11,498,Cosmetics,437.2,3284,HOLIDAY15,Los Angeles,0.15,0,1435764.8,4736
2017-07-08,405,Fruits,9.33,1910,FREESHIP,Phoenix,0.0,1,17820.3,3005
2010-06-22,509,Office Supplies,651.21,7413,WELCOME20,Philadelphia,0.2,0,4827419.73,5578
2017-02-17,977,Vegetables,154.06,6046,SAVE10,Dallas,0.1,0,931446.76,3146
2011-01-14,498,Meat,421.89,6096,SAVE10,New York,0.1,0,2571841.44,5372
2016-01-09,331,Fruits,9.33,2880,SAVE10,San Diego,0.1,0,26870.4,3551
2011-07-18,416,Baby Food,255.28,3747,HOLIDAY15,New York,0.15,0,956534.16,5187
2012-03-16,332,Beverages,47.45,3077,SAVE10,Philadelphia,0.1,0,146003.65000000002,4945
2010-12-15,634,Vegetables,154.06,7281,SAVE10,Chicago,0.1,0,1121710.86,5402
2013-03-02,458,Fruits,9.33,9800,SPRINGSALE,San Diego,0.0,0,91434.0,4594
2010-02-17,363,Household,668.27,6110,FREESHIP,Los Angeles,0.0,1,4083129.6999999997,5703
2013-02-19,746,Personal Care,81.73,8714,WELCOME20,Houston,0.2,0,712195.2200000001,4605
2011-10-28,322,Beverages,47.45,2149,SAVE10,Los Angeles,0.1,0,101970.05,5085
2015-10-26,131,Office Supplies,651.21,7982,SPRINGSALE,San Antonio,0.0,0,5197958.220000001,3626
2013-02-05,840,Household,668.27,9812,HOLIDAY15,Philadelphia,0.15,0,6557065.24,4619
2011-08-25,157,Personal Care,81.73,8269,HOLIDAY15,Los Angeles,0.15,0,675825.37,5149
2012-12-04,271,Meat,421.89,6014,WELCOME20,Chicago,0.2,0,2537246.46,4682
2015-09-08,186,Baby Food,255.28,2739,SAVE10,San Antonio,0.1,0,699211.92,3674
2012-03-01,507,Vegetables,154.06,168,FREESHIP,New York,0.0,1,25882.08,4960
2014-08-05,732,Cereal,205.7,7055,SPRINGSALE,New York,0.0,0,1451213.5,4073
2013-07-24,763,Fruits,9.33,4188,HOLIDAY15,Phoenix,0.15,0,39074.04,4450
2012-01-26,719,Cosmetics,437.2,9383,WELCOME20,San Antonio,0.2,0,4102247.6,4995
2014-03-10,529,Clothes,109.28,2488,WELCOME20,Dallas,0.2,0,271888.64,4221
2013-09-12,936,Fruits,9.33,385,SAVE10,San Diego,0.1,0,3592.05,4400
2013-01-05,667,Office Supplies,651.21,1983,SAVE10,Chicago,0.1,0,1291349.4300000002,4650
2011-10-28,596,Cosmetics,437.2,3226,SAVE10,Houston,0.1,0,1410407.2,5085
2010-11-21,794,Fruits,9.33,2087,WELCOME20,San Diego,0.2,0,19471.71,5426
2015-10-28,518,Office Supplies,651.21,3570,HOLIDAY15,Houston,0.15,0,2324819.7,3624
2010-07-29,151,Cosmetics,437.2,4713,HOLIDAY15,New York,0.15,0,2060523.5999999999,5541
2014-03-30,210,Fruits,9.33,9582,WELCOME20,Chicago,0.2,0,89400.06,4201
2016-09-14,880,Beverages,47.45,4276,SAVE10,Phoenix,0.1,0,202896.2,3302
2012-09-06,418,Clothes,109.28,1925,WELCOME20,Chicago,0.2,0,210364.0,4771
2013-02-08,367,Snacks,152.58,7689,HOLIDAY15,San Antonio,0.15,0,1173187.62,4616
2011-01-17,421,Personal Care,81.73,3762,FREESHIP,New York,0.0,1,307468.26,5369
2015-10-11,207,Cereal,205.7,4368,WELCOME20,Dallas,0.2,0,898497.6,3641
2011-02-21,453,Office Supplies,651.21,760,HOLIDAY15,Phoenix,0.15,0,494919.60000000003,5334
2012-04-29,737,Personal Care,81.73,6225,FREESHIP,San Diego,0.0,1,508769.25,4901
2016-08-30,710,Meat,421.89,1080,WELCOME20,San Antonio,0.2,0,455641.2,3317
2014-12-20,562,Beverages,47.45,7675,SPRINGSALE,San Diego,0.0,0,364178.75,3936
2010-06-28,982,Clothes,109.28,5388,SPRINGSALE,Houston,0.0,0,588800.64,5572
2015-02-06,579,Personal Care,81.73,5631,WELCOME20,Phoenix,0.2,0,460221.63,3888
2015-03-30,556,Cereal,205.7,6847,SAVE10,Dallas,0.1,0,1408427.9,3836
2013-07-28,140,Household,668.27,9509,SAVE10,Philadelphia,0.1,0,6354579.43,4446
2010-01-06,259,Beverages,47.45,1122,HOLIDAY15,New York,0.15,0,53238.9,5745
2013-02-20,349,Cereal,205.7,1222,FREESHIP,San Diego,0.0,1,251365.4,4604
2013-08-25,619,Personal Care,81.73,6377,FREESHIP,San Diego,0.0,1,521192.21,4418
2010-11-16,718,Meat,421.89,5185,HOLIDAY15,Los Angeles,0.15,0,2187499.65,5431
2016-08-02,296,Cereal,205.7,3275,SAVE10,Dallas,0.1,0,673667.5,3345
2013-04-25,695,Vegetables,154.06,8310,SAVE10,Houston,0.1,0,1280238.6,4540
2011-03-02,875,Fruits,9.33,4981,FREESHIP,Philadelphia,0.0,1,46472.73,5325
2013-09-28,603,Household,668.27,13,SAVE10,San Antonio,0.1,0,8687.51,4384
2014-05-05,772,Meat,421.89,7159,SPRINGSALE,Phoenix,0.0,0,3020310.51,4165
2014-11-28,623,Meat,421.89,2207,SPRINGSALE,Houston,0.0,0,931111.23,3958
2014-08-30,917,Fruits,9.33,7973,WELCOME20,Chicago,0.2,0,74388.09,4048
2013-11-20,305,Office Supplies,651.21,9306,SAVE10,Philadelphia,0.1,0,6060160.260000001,4331
2010-02-23,153,Meat,421.89,8086,SAVE10,Dallas,0.1,0,3411402.54,5697
2017-03-20,998,Snacks,152.58,8225,HOLIDAY15,Chicago,0.15,0,1254970.5,3115
2015-11-08,427,Beverages,47.45,664,SPRINGSALE,Philadelphia,0.0,0,31506.800000000003,3613
2010-08-09,171,Beverages,47.45,8377,SPRINGSALE,New York,0.0,0,397488.65,5530
2010-11-12,269,Cereal,205.7,1370,HOLIDAY15,San Jose,0.15,0,281809.0,5435
2011-12-14,724,Meat,421.89,1677,SPRINGSALE,New York,0.0,0,707509.53,5038
2014-01-10,336,Vegetables,154.06,8367,FREESHIP,San Antonio,0.0,1,1289020.02,4280
2010-10-03,698,Vegetables,154.06,2539,SAVE10,Phoenix,0.1,0,391158.34,5475
2015-10-15,639,Household,668.27,2321,HOLIDAY15,Houston,0.15,0,1551054.67,3637
2013-07-20,799,Snacks,152.58,7876,WELCOME20,Phoenix,0.2,0,1201720.08,4454
2016-01-19,646,Snacks,152.58,6396,SPRINGSALE,New York,0.0,0,975901.68,3541
2013-08-17,909,Cereal,205.7,7103,FREESHIP,Los Angeles,0.0,1,1461087.0999999999,4426
2016-08-16,180,Vegetables,154.06,6254,SAVE10,San Diego,0.1,0,963491.24,3331
2013-09-25,757,Baby Food,255.28,2134,WELCOME20,Phoenix,0.2,0,544767.52,4387
2013-08-21,270,Meat,421.89,61,HOLIDAY15,Philadelphia,0.15,0,25735.29,4422
2010-12-10,924,Cosmetics,437.2,7383,SPRINGSALE,San Jose,0.0,0,3227847.6,5407
2012-09-04,905,Vegetables,154.06,8480,FREESHIP,New York,0.0,1,1306428.8,4773
2011-10-15,798,Cosmetics,437.2,9764,HOLIDAY15,Houston,0.15,0,4268820.8,5098
2013-08-26,285,Household,668.27,4676,WELCOME20,San Jose,0.2,0,3124830.52,4417
2017-02-17,923,Beverages,47.45,8691,HOLIDAY15,New York,0.15,0,412387.95,3146
2010-10-19,299,Baby Food,255.28,4312,HOLIDAY15,Los Angeles,0.15,0,1100767.36,5459
2014-07-30,848,Personal Care,81.73,6077,HOLIDAY15,New York,0.15,0,496673.21,4079
2015-05-21,690,Personal Care,81.73,5553,SAVE10,Houston,0.1,0,453846.69,3784
2016-05-05,985,Personal Care,81.73,6338,HOLIDAY15,Dallas,0.15,0,518004.74000000005,3434
2010-04-14,177,Office Supplies,651.21,9063,FREESHIP,San Jose,0.0,1,5901916.23,5647
2013-10-26,358,Office Supplies,651.21,6388,WELCOME20,Los Angeles,0.2,0,4159929.4800000004,4356
2010-07-21,943,Vegetables,154.06,8005,SAVE10,San Jose,0.1,0,1233250.3,5549
2015-06-09,542,Fruits,9.33,5639,FREESHIP,Chicago,0.0,1,52611.87,3765
2010-06-03,645,Snacks,152.58,8044,WELCOME20,San Jose,0.2,0,1227353.52,5597
2016-05-17,539,Baby Food,255.28,6007,HOLIDAY15,Philadelphia,0.15,0,1533466.96,3422
2013-08-03,976,Cosmetics,437.2,7344,HOLIDAY15,Los Angeles,0.15,0,3210796.8,4440
2013-09-15,909,Vegetables,154.06,1905,FREESHIP,New York,0.0,1,293484.3,4397
2010-07-02,874,Meat,421.89,6569,SAVE10,San Jose,0.1,0,2771395.4099999997,5568
2013-12-18,652,Meat,421.89,248,SAVE10,San Antonio,0.1,0,104628.72,4303
2016-03-19,996,Office Supplies,651.21,8883,FREESHIP,San Antonio,0.0,1,5784698.430000001,3481
2010-06-09,149,Snacks,152.58,449,FREESHIP,San Jose,0.0,1,68508.42000000001,5591
2017-05-21,949,Personal Care,81.73,9950,FREESHIP,Dallas,0.0,1,813213.5,3053
2013-06-12,392,Cosmetics,437.2,4423,HOLIDAY15,San Diego,0.15,0,1933735.5999999999,4492
2010-02-22,443,Fruits,9.33,7934,FREESHIP,Chicago,0.0,1,74024.22,5698
2012-06-29,651,Cereal,205.7,6583,FREESHIP,Chicago,0.0,1,1354123.0999999999,4840
2015-03-23,605,Vegetables,154.06,3500,SPRINGSALE,Chicago,0.0,0,539210.0,3843
2014-02-12,922,Cereal,205.7,3844,WELCOME20,Los Angeles,0.2,0,790710.7999999999,4247
2017-05-22,742,Clothes,109.28,9810,SAVE10,Philadelphia,0.1,0,1072036.8,3052
2011-08-06,273,Vegetables,154.06,5620,SPRINGSALE,San Diego,0.0,0,865817.2000000001,5168
2010-11-14,237,Baby Food,255.28,2530,HOLIDAY15,Philadelphia,0.15,0,645858.4,5433
2015-04-05,307,Household,668.27,3825,SPRINGSALE,Phoenix,0.0,0,2556132.75,3830
2014-07-08,698,Vegetables,154.06,9823,SPRINGSALE,San Diego,0.0,0,1513331.3800000001,4101
2014-08-09,661,Clothes,109.28,2873,HOLIDAY15,Phoenix,0.15,0,313961.44,4069
2011-03-13,533,Clothes,109.28,2354,SPRINGSALE,San Diego,0.0,0,257245.12,5314
2016-03-02,189,Baby Food,255.28,9677,HOLIDAY15,Houston,0.15,0,2470344.56,3498
2015-12-19,266,Cereal,205.7,3286,SPRINGSALE,Chicago,0.0,0,675930.2,3572
2013-03-28,754,Personal Care,81.73,3653,WELCOME20,Philadelphia,0.2,0,298559.69,4568
2015-06-27,172,Snacks,152.58,8283,WELCOME20,Phoenix,0.2,0,1263820.1400000001,3747
2016-02-18,731,Vegetables,154.06,6714,SAVE10,Los Angeles,0.1,0,1034358.84,3511
2013-06-14,480,Vegetables,154.06,5511,SPRINGSALE,Chicago,0.0,0,849024.66,4490
2014-05-10,983,Baby Food,255.28,3273,FREESHIP,New York,0.0,1,835531.4400000001,4160
2015-06-17,419,Meat,421.89,5632,SAVE10,San Diego,0.1,0,2376084.48,3757
2014-06-11,346,Snacks,152.58,246,HOLIDAY15,San Antonio,0.15,0,37534.68,4128
2013-11-03,902,Cosmetics,437.2,1810,WELCOME20,Dallas,0.2,0,791332.0,4348
2017-04-02,271,Cosmetics,437.2,7047,WELCOME20,San Diego,0.2,0,3080948.4,3102
2010-05-28,274,Beverages,47.45,9711,HOLIDAY15,San Diego,0.15,0,460786.95,5603
2010-05-22,971,Snacks,152.58,5588,HOLIDAY15,Philadelphia,0.15,0,852617.04,5609
2016-06-02,524,Beverages,47.45,7497,FREESHIP,San Antonio,0.0,1,355732.65,3406
2013-08-22,994,Meat,154.06,285,SPRINGSALE,San Jose,0.0,0,43907.1,4421
2014-10-05,878,Fruits,9.33,5833,HOLIDAY15,San Diego,0.15,0,54421.89,4012
2010-10-31,414,Meat,421.89,8052,FREESHIP,Chicago,0.0,1,3397058.28,5447
2012-11-27,359,Clothes,109.28,7884,FREESHIP,Phoenix,0.0,1,861563.52,4689
2010-05-22,370,Cereal,205.7,8302,SAVE10,Chicago,0.1,0,1707721.4,5609
2012-08-31,390,Snacks,152.58,9312,SPRINGSALE,New York,0.0,0,1420824.9600000002,4777
2015-01-23,346,Cereal,205.7,2950,WELCOME20,Los Angeles,0.2,0,606815.0,3902
2010-03-02,588,Beverages,47.45,8282,WELCOME20,Los Angeles,0.2,0,392980.9,5690
2014-05-09,814,Cosmetics,437.2,6409,SAVE10,San Jose,0.1,0,2802014.8,4161
2010-12-28,782,Snacks,152.58,5459,SPRINGSALE,Los Angeles,0.0,0,832934.2200000001,5389
2014-10-19,601,Household,668.27,5594,SAVE10,San Diego,0.1,0,3738302.38,3998
2015-01-21,533,Meat,421.89,4006,FREESHIP,Los Angeles,0.0,1,1690091.3399999999,3904
2017-04-04,758,Beverages,47.45,9919,WELCOME20,San Diego,0.2,0,470656.55000000005,3100
2016-08-05,233,Meat,421.89,9587,SPRINGSALE,New York,0.0,0,4044659.4299999997,3342
2016-11-26,307,Household,668.27,1297,HOLIDAY15,Dallas,0.15,0,866746.19,3229
2011-09-23,588,Beverages,47.45,366,SPRINGSALE,Chicago,0.0,0,17366.7,5120
2010-10-24,973,Personal Care,81.73,4144,SPRINGSALE,Phoenix,0.0,0,338689.12,5454
2013-08-14,730,Baby Food,255.28,7008,FREESHIP,Dallas,0.0,1,1789002.24,4429
2013-02-04,496,Cosmetics,437.2,5372,FREESHIP,San Diego,0.0,1,2348638.4,4620
2014-08-11,121,Vegetables,154.06,2677,SPRINGSALE,Dallas,0.0,0,412418.62,4067
2017-01-12,287,Office Supplies,651.21,4396,WELCOME20,Dallas,0.2,0,2862719.16,3182
2016-07-03,567,Meat,421.89,3036,HOLIDAY15,Chicago,0.15,0,1280858.04,3375
2010-03-27,536,Office Supplies,651.21,3131,FREESHIP,Houston,0.0,1,2038938.51,5665
2015-06-05,505,Beverages,47.45,6249,HOLIDAY15,Houston,0.15,0,296515.05000000005,3769
2012-06-27,155,Household,668.27,5990,HOLIDAY15,San Jose,0.15,0,4002937.3,4842
2016-12-19,764,Office Supplies,651.21,2982,FREESHIP,New York,0.0,1,1941908.2200000002,3206
2015-03-09,307,Personal Care,81.73,9886,FREESHIP,Los Angeles,0.0,1,807982.78,3857
2013-06-18,749,Snacks,152.58,6397,FREESHIP,New York,0.0,1,976054.2600000001,4486
2011-08-12,783,Office Supplies,651.21,4236,SPRINGSALE,Phoenix,0.0,0,2758525.56,5162
2014-04-17,710,Clothes,109.28,2158,FREESHIP,San Jose,0.0,1,235826.24,4183
2012-02-03,834,Baby Food,255.28,951,HOLIDAY15,Dallas,0.15,0,242771.28,4987
2015-08-01,451,Office Supplies,651.21,8431,SAVE10,San Antonio,0.1,0,5490351.510000001,3712
2013-09-11,577,Baby Food,255.28,4447,HOLIDAY15,San Diego,0.15,0,1135230.16,4401
2015-05-08,474,Snacks,152.58,5879,FREESHIP,New York,0.0,1,897017.8200000001,3797
2015-05-22,836,Snacks,152.58,1637,FREESHIP,San Antonio,0.0,1,249773.46000000002,3783
2013-07-03,798,Snacks,152.58,7665,FREESHIP,San Antonio,0.0,1,1169525.7000000002,4471
2010-06-16,754,Personal Care,81.73,1936,SAVE10,Houston,0.1,0,158229.28,5584
2011-11-08,376,Beverages,47.45,9455,FREESHIP,Philadelphia,0.0,1,448639.75,5074
2016-10-17,839,Fruits,9.33,7258,HOLIDAY15,San Diego,0.15,0,67717.14,3269
2014-02-02,579,Vegetables,154.06,9412,WELCOME20,Dallas,0.2,0,1450012.72,4257
2016-04-30,400,Meat,421.89,2016,WELCOME20,Philadelphia,0.2,0,850530.24,3439
2010-08-31,837,Cosmetics,437.2,8200,HOLIDAY15,Phoenix,0.15,0,3585040.0,5508
2015-08-08,443,Personal Care,81.73,3124,SPRINGSALE,Phoenix,0.0,0,255324.52000000002,3705
2016-08-18,548,Cereal,205.7,8983,WELCOME20,Chicago,0.2,0,1847803.0999999999,3329
2015-06-18,820,Clothes,109.28,9998,WELCOME20,Los Angeles,0.2,0,1092581.44,3756
2011-01-28,913,Clothes,109.28,7425,WELCOME20,New York,0.2,0,811404.0,5358
2011-02-04,987,Beverages,47.45,4550,SAVE10,San Diego,0.1,0,215897.5,5351
2012-11-03,544,Vegetables,154.06,1691,SAVE10,Phoenix,0.1,0,260515.46,4713
2014-09-18,358,Clothes,109.28,1196,FREESHIP,Philadelphia,0.0,1,130698.88,4029
2012-05-17,689,Baby Food,255.28,2444,FREESHIP,Chicago,0.0,1,623904.32,4883
2010-02-20,601,Personal Care,81.73,6848,SPRINGSALE,San Diego,0.0,0,559687.04,5700
2017-02-28,556,Vegetables,154.06,2849,HOLIDAY15,San Jose,0.15,0,438916.94,3135
2013-05-17,262,Personal Care,81.73,921,WELCOME20,San Diego,0.2,0,75273.33,4518
2013-11-09,315,Baby Food,255.28,8569,SAVE10,Dallas,0.1,0,2187494.32,4342
2012-01-10,421,Clothes,109.28,5330,SPRINGSALE,San Jose,0.0,0,582462.4,5011
2013-09-24,145,Fruits,9.33,7769,SAVE10,Dallas,0.1,0,72484.77,4388
2010-09-26,469,Personal Care,81.73,4487,FREESHIP,Philadelphia,0.0,1,366722.51,5482
2014-10-21,597,Cereal,205.7,1113,SAVE10,New York,0.1,0,228944.09999999998,3996
2016-01-17,676,Household,668.27,5308,WELCOME20,Los Angeles,0.2,0,3547177.1599999997,3543
2016-12-27,356,Vegetables,154.06,1764,FREESHIP,Philadelphia,0.0,1,271761.84,3198
2013-08-30,530,Beverages,47.45,7206,SAVE10,Philadelphia,0.1,0,341924.7,4413
2014-07-07,943,Office Supplies,651.21,5387,HOLIDAY15,Houston,0.15,0,3508068.27,4102
2013-11-29,217,Office Supplies,651.21,2095,SPRINGSALE,Phoenix,0.0,0,1364284.9500000002,4322
2011-01-29,603,Clothes,109.28,146,SPRINGSALE,Dallas,0.0,0,15954.880000000001,5357
2013-11-13,196,Snacks,152.58,4390,SPRINGSALE,Houston,0.0,0,669826.2000000001,4338
2012-04-09,982,Fruits,9.33,6705,SPRINGSALE,New York,0.0,0,62557.65,4921
2012-06-28,317,Office Supplies,651.21,1004,SAVE10,Dallas,0.1,0,653814.8400000001,4841
2010-06-08,372,Clothes,109.28,8228,FREESHIP,Los Angeles,0.0,1,899155.84,5592
2010-08-23,422,Office Supplies,154.06,1352,WELCOME20,Dallas,0.2,0,208289.12,5516
2014-12-11,108,Snacks,152.58,379,SAVE10,Philadelphia,0.1,0,57827.82000000001,3945
2011-01-27,536,Clothes,109.28,7347,HOLIDAY15,San Jose,0.15,0,802880.16,5359
2014-05-07,850,Personal Care,81.73,1322,SAVE10,Chicago,0.1,0,108047.06000000001,4163
2010-11-08,508,Cereal,205.7,3404,SAVE10,San Antonio,0.1,0,700202.7999999999,5439
2014-03-30,139,Fruits,9.33,1721,FREESHIP,Dallas,0.0,1,16056.93,4201
2016-07-09,914,Clothes,109.28,6436,SPRINGSALE,San Jose,0.0,0,703326.08,3369
2014-07-15,489,Meat,421.89,4741,HOLIDAY15,San Antonio,0.15,0,2000180.49,4094
2013-10-14,895,Beverages,47.45,5859,SAVE10,Philadelphia,0.1,0,278009.55,4368
2017-01-13,735,Snacks,152.58,6045,HOLIDAY15,Los Angeles,0.15,0,922346.1000000001,3181
2012-12-22,658,Meat,421.89,3585,SAVE10,Houston,0.1,0,1512475.65,4664
2010-04-16,803,Personal Care,81.73,3797,SAVE10,San Jose,0.1,0,310328.81,5645
2011-02-27,118,Cosmetics,437.2,4029,FREESHIP,Philadelphia,0.0,1,1761478.8,5328
2015-01-14,924,Clothes,109.28,8661,SAVE10,Houston,0.1,0,946474.08,3911
2014-11-16,299,Vegetables,154.06,4105,WELCOME20,Los Angeles,0.2,0,632416.3,3970
2016-01-17,496,Cosmetics,437.2,3803,SAVE10,Los Angeles,0.1,0,1662671.5999999999,3543
2017-05-29,846,Cereal,205.7,3227,SPRINGSALE,Phoenix,0.0,0,663793.8999999999,3045
2015-02-10,517,Fruits,9.33,4884,WELCOME20,Dallas,0.2,0,45567.72,3884
2013-12-08,223,Office Supplies,651.21,3309,SAVE10,San Jose,0.1,0,2154853.89,4313
2015-12-10,952,Office Supplies,651.21,70,SPRINGSALE,New York,0.0,0,45584.700000000004,3581
2016-09-04,305,Beverages,47.45,8766,FREESHIP,Houston,0.0,1,415946.7,3312
2016-07-19,590,Personal Care,81.73,25,SPRINGSALE,Houston,0.0,0,2043.25,3359
2017-01-09,847,Beverages,47.45,6510,SPRINGSALE,Phoenix,0.0,0,308899.5,3185
2016-11-05,219,Personal Care,81.73,7913,WELCOME20,Philadelphia,0.2,0,646729.49,3250
2015-10-31,895,Clothes,109.28,5957,SPRINGSALE,Dallas,0.0,0,650980.96,3621
2011-01-25,347,Beverages,47.45,9397,FREESHIP,Phoenix,0.0,1,445887.65,5361
2015-11-08,445,Cosmetics,437.2,9020,SAVE10,San Diego,0.1,0,3943544.0,3613
2010-06-24,644,Snacks,152.58,2643,FREESHIP,San Jose,0.0,1,403268.94000000006,5576
2014-02-27,792,Beverages,47.45,114,SAVE10,Los Angeles,0.1,0,5409.3,4232
2013-02-05,160,Meat,421.89,8313,WELCOME20,Dallas,0.2,0,3507171.57,4619
2017-04-15,135,Vegetables,154.06,6152,FREESHIP,Dallas,0.0,1,947777.12,3089
2011-04-09,493,Meat,421.89,9572,FREESHIP,Los Angeles,0.0,1,4038331.08,5287
2010-12-13,111,Personal Care,81.73,6548,WELCOME20,Philadelphia,0.2,0,535168.04,5404
2014-05-13,883,Meat,421.89,2085,FREESHIP,Houston,0.0,1,879640.65,4157
2013-01-16,673,Personal Care,81.73,3217,WELCOME20,New York,0.2,0,262925.41000000003,4639
2010-12-09,407,Household,668.27,4014,SPRINGSALE,Dallas,0.0,0,2682435.78,5408
2013-01-24,582,Baby Food,255.28,573,HOLIDAY15,Phoenix,0.15,0,146275.44,4631
2014-02-25,213,Cosmetics,437.2,6025,HOLIDAY15,San Diego,0.15,0,2634130.0,4234
2017-07-23,781,Fruits,9.33,5530,FREESHIP,San Jose,0.0,1,51594.9,2990
2016-05-07,339,Household,668.27,1280,WELCOME20,San Antonio,0.2,0,855385.6,3432
2012-03-24,501,Office Supplies,651.21,7501,SPRINGSALE,San Diego,0.0,0,4884726.21,4937
2011-10-03,114,Household,668.27,5446,FREESHIP,Chicago,0.0,1,3639398.42,5110
2014-12-22,170,Office Supplies,651.21,8401,HOLIDAY15,Philadelphia,0.15,0,5470815.21,3934
2011-08-23,714,Personal Care,81.73,6684,FREESHIP,San Diego,0.0,1,546283.3200000001,5151
2015-04-18,815,Beverages,47.45,2644,SAVE10,San Jose,0.1,0,125457.8,3817
2014-01-11,749,Vegetables,154.06,5660,SAVE10,Phoenix,0.1,0,871979.6,4279
2012-02-27,811,Office Supplies,651.21,7144,WELCOME20,Dallas,0.2,0,4652244.24,4963
2011-04-04,545,Clothes,109.28,5537,HOLIDAY15,Philadelphia,0.15,0,605083.36,5292
2013-12-26,775,Beverages,47.45,1315,SPRINGSALE,New York,0.0,0,62396.75000000001,4295
2012-09-12,960,Vegetables,154.06,1980,SPRINGSALE,San Diego,0.0,0,305038.8,4765
2015-12-19,811,Vegetables,154.06,7071,SPRINGSALE,Chicago,0.0,0,1089358.26,3572
2014-06-26,193,Vegetables,154.06,3153,WELCOME20,Phoenix,0.2,0,485751.18,4113
2015-03-02,975,Office Supplies,651.21,8826,FREESHIP,Dallas,0.0,1,5747579.46,3864
2014-08-17,181,Beverages,47.45,9719,FREESHIP,San Antonio,0.0,1,461166.55000000005,4061
2010-07-19,933,Personal Care,81.73,3494,FREESHIP,San Diego,0.0,1,285564.62,5551
2013-01-14,882,Household,668.27,4843,WELCOME20,Phoenix,0.2,0,3236431.61,4641
2010-07-19,370,Snacks,152.58,490,FREESHIP,Dallas,0.0,1,74764.20000000001,5551
2011-07-11,224,Cosmetics,437.2,4189,SAVE10,San Antonio,0.1,0,1831430.8,5194
2010-05-04,163,Fruits,9.33,1727,WELCOME20,Chicago,0.2,0,16112.91,5627
2013-10-13,417,Clothes,109.28,5921,SPRINGSALE,New York,0.0,0,647046.88,4369
2014-07-27,490,Vegetables,154.06,1619,WELCOME20,San Jose,0.2,0,249423.14,4082
2010-04-04,772,Office Supplies,651.21,702,SAVE10,San Diego,0.1,0,457149.42000000004,5657
2014-08-17,235,Meat,421.89,7081,WELCOME20,San Antonio,0.2,0,2987403.09,4061
2016-01-04,804,Baby Food,255.28,1698,SPRINGSALE,Chicago,0.0,0,433465.44,3556
2011-05-17,296,Baby Food,255.28,7526,SPRINGSALE,Houston,0.0,0,1921237.28,5249
2010-02-12,803,Beverages,47.45,4571,WELCOME20,Dallas,0.2,0,216893.95,5708
2015-02-17,405,Household,668.27,4869,WELCOME20,New York,0.2,0,3253806.63,3877
2011-06-07,671,Meat,421.89,7487,SPRINGSALE,San Antonio,0.0,0,3158690.4299999997,5228
2015-05-26,815,Fruits,9.33,3524,WELCOME20,New York,0.2,0,32878.92,3779
2010-05-24,843,Snacks,152.58,1109,SAVE10,San Jose,0.1,0,169211.22,5607
2011-02-21,216,Baby Food,255.28,404,WELCOME20,San Diego,0.2,0,103133.12,5334
2014-06-28,876,Personal Care,81.73,8601,SPRINGSALE,Los Angeles,0.0,0,702959.73,4111
2010-10-15,752,Cosmetics,437.2,4924,SPRINGSALE,San Antonio,0.0,0,2152772.8,5463
2010-05-18,624,Vegetables,154.06,5628,SAVE10,New York,0.1,0,867049.68,5613
2017-02-02,323,Personal Care,81.73,8998,HOLIDAY15,Houston,0.15,0,735406.54,3161
2016-11-24,259,Office Supplies,651.21,352,FREESHIP,San Antonio,0.0,1,229225.92,3231
2011-12-23,701,Baby Food,255.28,7040,SAVE10,Philadelphia,0.1,0,1797171.2,5029
2016-12-05,500,Clothes,109.28,3440,SAVE10,San Jose,0.1,0,375923.2,3220
2017-02-16,958,Clothes,109.28,5963,WELCOME20,New York,0.2,0,651636.64,3147
2010-05-18,600,Cosmetics,437.2,8053,SAVE10,Philadelphia,0.1,0,3520771.6,5613
2010-09-07,980,Baby Food,255.28,5183,SPRINGSALE,Chicago,0.0,0,1323116.24,5501
2014-03-12,601,Cosmetics,437.2,9858,FREESHIP,New York,0.0,1,4309917.6,4219
2010-07-16,514,Personal Care,81.73,6613,HOLIDAY15,Phoenix,0.15,0,540480.49,5554
2016-12-05,305,Cosmetics,437.2,7017,WELCOME20,New York,0.2,0,3067832.4,3220
2013-10-08,924,Vegetables,154.06,4667,FREESHIP,San Diego,0.0,1,718998.02,4374
2016-08-09,681,Baby Food,255.28,194,WELCOME20,Dallas,0.2,0,49524.32,3338
2011-10-06,949,Meat,421.89,6259,WELCOME20,Dallas,0.2,0,2640609.51,5107
2013-02-17,207,Meat,421.89,2554,HOLIDAY15,Philadelphia,0.15,0,1077507.06,4607
2012-12-14,343,Fruits,9.33,804,SAVE10,Houston,0.1,0,7501.32,4672
2015-11-20,657,Fruits,9.33,9762,SPRINGSALE,San Jose,0.0,0,91079.46,3601
2012-07-07,666,Meat,421.89,214,SAVE10,San Diego,0.1,0,90284.45999999999,4832
2013-06-02,907,Meat,421.89,9980,SPRINGSALE,San Jose,0.0,0,4210462.2,4502
2015-02-04,888,Baby Food,255.28,8906,FREESHIP,Dallas,0.0,1,2273523.68,3890
2011-04-28,272,Fruits,9.33,3872,SAVE10,Phoenix,0.1,0,36125.76,5268
2012-02-01,669,Baby Food,255.28,3791,HOLIDAY15,Chicago,0.15,0,967766.48,4989
2017-01-29,121,Vegetables,154.06,4604,FREESHIP,Philadelphia,0.0,1,709292.24,3165
2011-12-01,393,Clothes,109.28,4285,SAVE10,Chicago,0.1,0,468264.8,5051
2017-05-08,924,Cosmetics,437.2,7839,FREESHIP,Houston,0.0,1,3427210.8,3066
2017-05-03,945,Cereal,205.7,2302,WELCOME20,San Diego,0.2,0,473521.39999999997,3071
2015-10-31,932,Cosmetics,437.2,1741,SPRINGSALE,San Diego,0.0,0,761165.2,3621
2010-04-11,160,Clothes,109.28,2256,SPRINGSALE,Dallas,0.0,0,246535.68,5650
2010-07-17,214,Vegetables,154.06,6975,HOLIDAY15,Philadelphia,0.15,0,1074568.5,5553
2012-05-31,614,Cereal,205.7,1060,WELCOME20,New York,0.2,0,218042.0,4869
2016-07-15,952,Vegetables,154.06,6703,WELCOME20,Dallas,0.2,0,1032664.18,3363
2017-01-14,739,Cosmetics,437.2,8128,WELCOME20,Chicago,0.2,0,3553561.6,3180
2012-11-26,711,Snacks,152.58,6591,SPRINGSALE,Phoenix,0.0,0,1005654.78,4690
2011-10-03,760,Cereal,205.7,5376,FREESHIP,Dallas,0.0,1,1105843.2,5110
2010-11-30,956,Baby Food,255.28,4802,FREESHIP,Philadelphia,0.0,1,1225854.56,5417
2016-05-08,957,Vegetables,154.06,7217,SPRINGSALE,New York,0.0,0,1111851.02,3431
2016-02-27,918,Beverages,47.45,2001,SAVE10,San Jose,0.1,0,94947.45000000001,3502
2014-08-24,379,Vegetables,154.06,564,HOLIDAY15,San Antonio,0.15,0,86889.84,4054
2013-05-26,530,Vegetables,154.06,1351,SAVE10,Houston,0.1,0,208135.06,4509
2015-01-26,567,Vegetables,154.06,4833,SPRINGSALE,San Antonio,0.0,0,744571.98,3899
2012-01-07,298,Snacks,152.58,8516,FREESHIP,Houston,0.0,1,1299371.28,5014
2012-10-21,344,Cosmetics,437.2,1937,SPRINGSALE,Los Angeles,0.0,0,846856.4,4726
2015-09-16,847,Household,668.27,1661,HOLIDAY15,Houston,0.15,0,1109996.47,3666
2012-06-28,136,Meat,421.89,6289,FREESHIP,Phoenix,0.0,1,2653266.21,4841
2014-12-02,483,Snacks,152.58,1450,SPRINGSALE,Houston,0.0,0,221241.00000000003,3954
2013-02-04,707,Household,668.27,4805,HOLIDAY15,Los Angeles,0.15,0,3211037.35,4620
2017-02-17,707,Cosmetics,437.2,1047,SAVE10,Los Angeles,0.1,0,457748.39999999997,3146
2015-06-24,465,Beverages,154.06,6899,WELCOME20,Houston,0.2,0,1062859.94,3750
2016-07-30,862,Cereal,205.7,6115,HOLIDAY15,San Jose,0.15,0,1257855.5,3348
2014-10-23,558,Cosmetics,437.2,4483,HOLIDAY15,Houston,0.15,0,1959967.5999999999,3994
2016-12-16,963,Baby Food,255.28,4820,HOLIDAY15,San Diego,0.15,0,1230449.6,3209
2015-09-28,331,Baby Food,255.28,1973,SPRINGSALE,New York,0.0,0,503667.44,3654
2016-04-16,472,Snacks,152.58,7824,SPRINGSALE,Houston,0.0,0,1193785.9200000002,3453
2017-03-27,377,Snacks,152.58,6283,FREESHIP,Los Angeles,0.0,1,958660.1400000001,3108
2014-06-25,410,Office Supplies,651.21,8292,HOLIDAY15,Houston,0.15,0,5399833.32,4114
2012-07-29,435,Clothes,109.28,6826,HOLIDAY15,Phoenix,0.15,0,745945.28,4810
2013-05-04,619,Fruits,9.33,1888,WELCOME20,Phoenix,0.2,0,17615.04,4531
2012-02-02,278,Snacks,152.58,5516,SAVE10,Dallas,0.1,0,841631.28,4988
2016-07-24,245,Household,668.27,6777,SAVE10,Phoenix,0.1,0,4528865.79,3354
2012-11-04,669,Personal Care,81.73,6769,SAVE10,Los Angeles,0.1,0,553230.37,4712
2014-08-05,444,Personal Care,81.73,3621,WELCOME20,Philadelphia,0.2,0,295944.33,4073
2013-10-22,366,Office Supplies,651.21,7497,HOLIDAY15,New York,0.15,0,4882121.37,4360
2014-12-01,529,Beverages,47.45,5586,SAVE10,San Antonio,0.1,0,265055.7,3955
2015-11-02,138,Personal Care,81.73,7114,SPRINGSALE,Los Angeles,0.0,0,581427.22,3619
2011-10-07,976,Cereal,205.7,8335,HOLIDAY15,San Antonio,0.15,0,1714509.5,5106
2014-02-09,405,Snacks,152.58,7536,HOLIDAY15,Los Angeles,0.15,0,1149842.8800000001,4250
2016-05-29,899,Office Supplies,651.21,33,SAVE10,Philadelphia,0.1,0,21489.93,3410
2013-04-08,272,Baby Food,255.28,3175,FREESHIP,Dallas,0.0,1,810514.0,4557
2011-09-20,547,Beverages,47.45,1343,HOLIDAY15,Chicago,0.15,0,63725.350000000006,5123
2012-04-12,532,Vegetables,154.06,947,WELCOME20,Phoenix,0.2,0,145894.82,4918
2012-10-02,209,Vegetables,154.06,5429,HOLIDAY15,San Diego,0.15,0,836391.74,4745
2012-01-02,316,Baby Food,255.28,264,SAVE10,San Diego,0.1,0,67393.92,5019
2013-09-30,789,Vegetables,154.06,7956,FREESHIP,Chicago,0.0,1,1225701.36,4382
2015-03-10,106,Baby Food,255.28,3041,SAVE10,Los Angeles,0.1,0,776306.48,3856
2010-10-26,707,Baby Food,255.28,7088,SPRINGSALE,San Diego,0.0,0,1809424.64,5452
2011-05-02,792,Beverages,47.45,3693,SAVE10,New York,0.1,0,175232.85,5264
2017-02-19,885,Meat,421.89,3488,HOLIDAY15,Phoenix,0.15,0,1471552.32,3144
2014-07-20,721,Cosmetics,437.2,9133,WELCOME20,San Diego,0.2,0,3992947.6,4089
2017-06-18,637,Personal Care,81.73,321,SAVE10,Dallas,0.1,0,26235.33,3025
2010-07-19,504,Beverages,47.45,8775,WELCOME20,Dallas,0.2,0,416373.75,5551
2013-08-09,153,Clothes,109.28,3251,SPRINGSALE,San Jose,0.0,0,355269.28,4434
2017-03-23,336,Cereal,205.7,4534,SAVE10,New York,0.1,0,932643.7999999999,3112
2016-10-31,558,Fruits,9.33,441,HOLIDAY15,San Diego,0.15,0,4114.53,3255
2016-07-03,678,Fruits,9.33,822,SAVE10,Houston,0.1,0,7669.26,3375
2010-01-07,526,Cosmetics,437.2,2557,SPRINGSALE,Los Angeles,0.0,0,1117920.4,5744
2014-12-06,623,Beverages,47.45,4556,FREESHIP,San Antonio,0.0,1,216182.2,3950
2015-10-16,403,Vegetables,154.06,2761,SPRINGSALE,Philadelphia,0.0,0,425359.66000000003,3636
2013-05-10,116,Cereal,205.7,5147,WELCOME20,San Antonio,0.2,0,1058737.9,4525
2013-03-27,891,Cereal,205.7,6719,SAVE10,Dallas,0.1,0,1382098.2999999998,4569
2014-07-13,723,Snacks,152.58,4512,SPRINGSALE,Houston,0.0,0,688440.9600000001,4096
2013-08-16,302,Beverages,47.45,2594,FREESHIP,Los Angeles,0.0,1,123085.3,4427
2015-07-14,648,Household,668.27,7063,FREESHIP,San Antonio,0.0,1,4719991.01,3730
2014-12-23,324,Household,668.27,1050,SAVE10,Phoenix,0.1,0,701683.5,3933
2015-04-27,761,Cereal,205.7,9715,FREESHIP,New York,0.0,1,1998375.5,3808
2017-03-14,644,Fruits,9.33,5251,HOLIDAY15,Los Angeles,0.15,0,48991.83,3121
2014-10-02,136,Cosmetics,437.2,1881,FREESHIP,New York,0.0,1,822373.2,4015
2014-07-13,171,Cereal,205.7,861,HOLIDAY15,San Antonio,0.15,0,177107.69999999998,4096
2016-07-31,692,Beverages,47.45,5477,SPRINGSALE,San Jose,0.0,0,259883.65000000002,3347
2010-08-30,927,Personal Care,81.73,6045,SPRINGSALE,New York,0.0,0,494057.85000000003,5509
2010-04-22,158,Beverages,47.45,4915,SAVE10,San Jose,0.1,0,233216.75,5639
2011-03-09,440,Household,668.27,1466,FREESHIP,New York,0.0,1,979683.82,5318
2010-01-13,744,Meat,421.89,7110,SAVE10,Phoenix,0.1,0,2999637.9,5738
2016-01-06,835,Cosmetics,437.2,289,SAVE10,Phoenix,0.1,0,126350.8,3554
2016-08-17,906,Baby Food,255.28,1476,SPRINGSALE,San Antonio,0.0,0,376793.28,3330
2011-10-22,359,Personal Care,81.73,8177,WELCOME20,Los Angeles,0.2,0,668306.2100000001,5091
2010-02-12,999,Cosmetics,437.2,9928,SPRINGSALE,Phoenix,0.0,0,4340521.6,5708
2017-05-29,949,Cosmetics,437.2,3295,FREESHIP,Phoenix,0.0,1,1440574.0,3045
2010-04-17,358,Household,668.27,6878,WELCOME20,Houston,0.2,0,4596361.06,5644
2015-09-08,932,Baby Food,255.28,6307,HOLIDAY15,Phoenix,0.15,0,1610050.96,3674
2016-02-13,813,Baby Food,255.28,9242,FREESHIP,Dallas,0.0,1,2359297.7600000002,3516
2014-02-16,321,Snacks,152.58,376,SAVE10,Phoenix,0.1,0,57370.08,4243
2013-04-22,126,Fruits,9.33,6433,WELCOME20,Philadelphia,0.2,0,60019.89,4543
2014-07-15,757,Cosmetics,437.2,1167,HOLIDAY15,New York,0.15,0,510212.39999999997,4094
2012-03-07,291,Vegetables,154.06,365,FREESHIP,San Antonio,0.0,1,56231.9,4954
2013-01-14,178,Vegetables,154.06,6844,SAVE10,Houston,0.1,0,1054386.6400000001,4641
2017-05-22,975,Snacks,152.58,5453,HOLIDAY15,San Jose,0.15,0,832018.7400000001,3052
2015-03-23,642,Vegetables,154.06,8071,SAVE10,San Jose,0.1,0,1243418.26,3843
2012-09-28,304,Fruits,9.33,8610,HOLIDAY15,Houston,0.15,0,80331.3,4749
2013-06-06,826,Baby Food,255.28,8012,SPRINGSALE,San Antonio,0.0,0,2045303.36,4498
2014-04-02,677,Clothes,109.28,9250,SPRINGSALE,San Jose,0.0,0,1010840.0,4198
2017-01-13,917,Clothes,109.28,2331,SPRINGSALE,San Jose,0.0,0,254731.68,3181
2017-02-03,304,Cereal,205.7,9289,FREESHIP,Houston,0.0,1,1910747.2999999998,3160
2014-08-05,698,Beverages,47.45,9192,FREESHIP,Phoenix,0.0,1,436160.4,4073
2010-10-06,809,Cereal,205.7,3139,SAVE10,San Jose,0.1,0,645692.2999999999,5472
2011-09-10,735,Personal Care,81.73,9259,SPRINGSALE,Los Angeles,0.0,0,756738.0700000001,5133
2016-12-12,285,Baby Food,154.06,7714,SAVE10,Phoenix,0.1,0,1188418.84,3213
2015-10-26,445,Office Supplies,651.21,5696,SAVE10,Philadelphia,0.1,0,3709292.16,3626
2013-10-14,570,Cosmetics,437.2,2429,SPRINGSALE,Houston,0.0,0,1061958.8,4368
2013-08-17,406,Baby Food,255.28,4168,HOLIDAY15,San Diego,0.15,0,1064007.04,4426
2011-08-07,941,Fruits,9.33,9199,SAVE10,San Diego,0.1,0,85826.67,5167
2016-05-22,168,Personal Care,81.73,2838,,New York,0.0,,231949.74000000002,3417
2015-01-13,800,Cereal,205.7,2436,WELCOME20,Houston,0.2,0,501085.19999999995,3912
2014-07-22,239,Fruits,9.33,2371,SPRINGSALE,Dallas,0.0,0,22121.43,4087
2015-06-25,897,Cereal,205.7,9055,WELCOME20,San Antonio,0.2,0,1862613.5,3749
2015-08-10,550,Clothes,109.28,5930,HOLIDAY15,Dallas,0.15,0,648030.4,3703
2013-10-19,809,Fruits,9.33,8470,SPRINGSALE,Philadelphia,0.0,0,79025.1,4363
2013-10-09,783,Personal Care,81.73,9180,HOLIDAY15,Chicago,0.15,0,750281.4,4373
2012-09-26,555,Personal Care,81.73,2595,WELCOME20,Houston,0.2,0,212089.35,4751
2012-10-02,464,Cereal,205.7,284,SAVE10,New York,0.1,0,58418.799999999996,4745
2016-12-11,591,Clothes,109.28,5844,WELCOME20,San Antonio,0.2,0,638632.32,3214
2010-07-26,214,Fruits,9.33,9907,HOLIDAY15,Philadelphia,0.15,0,92432.31,5544
2010-03-27,169,Cereal,205.7,5132,WELCOME20,Los Angeles,0.2,0,1055652.4,5665
2014-09-11,702,Beverages,47.45,1212,WELCOME20,Dallas,0.2,0,57509.4,4036
2016-03-09,166,Snacks,152.58,9872,SPRINGSALE,Houston,0.0,0,1506269.76,3491
2011-10-19,845,Office Supplies,651.21,9865,FREESHIP,Chicago,0.0,1,6424186.65,5094
2014-10-31,945,Snacks,152.58,1978,SAVE10,Houston,0.1,0,301803.24000000005,3986
2013-02-23,203,Fruits,9.33,4028,SAVE10,San Antonio,0.1,0,37581.24,4601
2010-10-25,277,Clothes,109.28,5864,HOLIDAY15,Dallas,0.15,0,640817.92,5453
2016-10-04,464,Vegetables,154.06,4366,SAVE10,Los Angeles,0.1,0,672625.96,3282
2010-09-04,491,Beverages,47.45,8445,FREESHIP,San Antonio,0.0,1,400715.25,5504
2014-12-22,390,Meat,421.89,4043,SPRINGSALE,Los Angeles,0.0,0,1705701.27,3934
2015-04-08,582,Household,668.27,9135,FREESHIP,San Antonio,0.0,1,6104646.45,3827
2017-03-02,771,Cosmetics,437.2,8724,FREESHIP,Dallas,0.0,1,3814132.8,3133
2012-03-14,485,Household,668.27,9847,WELCOME20,Chicago,0.2,0,6580454.6899999995,4947
2011-11-22,139,Clothes,109.28,6571,FREESHIP,New York,0.0,1,718078.88,5060
2013-09-08,406,Clothes,109.28,4995,WELCOME20,Chicago,0.2,0,545853.6,4404
2012-04-23,831,Fruits,9.33,8250,SAVE10,Chicago,0.1,0,76972.5,4907
2011-02-14,403,Fruits,9.33,1495,HOLIDAY15,San Diego,0.15,0,13948.35,5341
2010-10-06,837,Vegetables,154.06,6923,WELCOME20,Houston,0.2,0,1066557.3800000001,5472
2012-12-08,706,Vegetables,154.06,8759,HOLIDAY15,Dallas,0.15,0,1349411.54,4678
2016-08-17,466,Personal Care,81.73,8256,FREESHIP,Houston,0.0,1,674762.88,3330
2014-04-23,362,Beverages,47.45,8702,HOLIDAY15,San Diego,0.15,0,412909.9,4177
2010-11-18,438,Office Supplies,651.21,413,SAVE10,San Antonio,0.1,0,268949.73000000004,5429
2012-04-22,880,Household,668.27,5738,WELCOME20,New York,0.2,0,3834533.26,4908
2014-04-05,402,Household,668.27,4057,FREESHIP,New York,0.0,1,2711171.39,4195
2013-06-21,691,Beverages,47.45,6781,SPRINGSALE,Dallas,0.0,0,321758.45,4483
2011-07-13,659,Cosmetics,437.2,2352,SPRINGSALE,Dallas,0.0,0,1028294.4,5192
2011-02-01,501,Snacks,152.58,1245,FREESHIP,San Diego,0.0,1,189962.1,5354
2012-01-27,269,Meat,421.89,963,SPRINGSALE,Houston,0.0,0,406280.07,4994
2015-06-24,203,Vegetables,154.06,1044,SAVE10,New York,0.1,0,160838.64,3750
2012-01-03,128,Snacks,152.58,8054,WELCOME20,San Antonio,0.2,0,1228879.32,5018
2016-02-21,268,Cereal,205.7,592,WELCOME20,New York,0.2,0,121774.4,3508
2016-12-04,494,Vegetables,154.06,4288,SPRINGSALE,Dallas,0.0,0,660609.28,3221
2012-01-16,796,Meat,421.89,6803,WELCOME20,Dallas,0.2,0,2870117.67,5005
2011-08-06,762,Clothes,109.28,2830,FREESHIP,San Jose,0.0,1,309262.4,5168
2011-08-12,154,Clothes,109.28,9092,FREESHIP,Los Angeles,0.0,1,993573.76,5162
2012-12-18,198,Meat,421.89,9344,WELCOME20,San Antonio,0.2,0,3942140.1599999997,4668
2010-01-10,149,Household,668.27,9372,HOLIDAY15,Chicago,0.15,0,6263026.4399999995,5741
2017-02-28,654,Beverages,47.45,1993,WELCOME20,Philadelphia,0.2,0,94567.85,3135
2011-12-08,588,Beverages,47.45,2057,SAVE10,Los Angeles,0.1,0,97604.65000000001,5044
2014-08-18,374,Cereal,205.7,1443,SPRINGSALE,San Jose,0.0,0,296825.1,4060
2016-04-19,447,Beverages,47.45,4062,SPRINGSALE,Philadelphia,0.0,0,192741.90000000002,3450
2012-11-06,922,Clothes,109.28,856,FREESHIP,New York,0.0,1,93543.68000000001,4710
2016-05-27,783,Snacks,152.58,4800,SPRINGSALE,Dallas,0.0,0,732384.0000000001,3412
2013-08-18,578,Office Supplies,651.21,5898,FREESHIP,San Jose,0.0,1,3840836.58,4425
2014-12-31,753,Personal Care,81.73,6186,SPRINGSALE,New York,0.0,0,505581.78,3925
2013-02-04,567,Office Supplies,651.21,4732,SPRINGSALE,Dallas,0.0,0,3081525.72,4620
2016-09-23,547,Clothes,109.28,2633,WELCOME20,New York,0.2,0,287734.24,3293
2016-11-01,921,Household,668.27,8021,HOLIDAY15,Dallas,0.15,0,5360193.67,3254
2012-12-27,649,Snacks,152.58,1057,WELCOME20,Chicago,0.2,0,161277.06000000003,4659
2017-03-10,343,Cereal,205.7,8932,WELCOME20,Los Angeles,0.2,0,1837312.4,3125
2012-03-17,494,Beverages,47.45,870,FREESHIP,San Diego,0.0,1,41281.5,4944
2015-12-17,680,Cereal,205.7,3126,WELCOME20,Philadelphia,0.2,0,643018.2,3574
2017-02-18,153,Beverages,47.45,3987,SAVE10,San Jose,0.1,0,189183.15000000002,3145
2016-11-05,195,Baby Food,255.28,8769,SPRINGSALE,Philadelphia,0.0,0,2238550.32,3250
2017-04-09,290,Meat,421.89,4821,SAVE10,Phoenix,0.1,0,2033931.69,3095
2010-04-18,835,Snacks,152.58,6524,SPRINGSALE,Chicago,0.0,0,995431.92,5643
2011-08-01,845,Baby Food,255.28,288,SPRINGSALE,Chicago,0.0,0,73520.64,5173
2011-05-12,739,Vegetables,154.06,9556,WELCOME20,San Diego,0.2,0,1472197.36,5254
2016-01-25,648,Household,668.27,9801,WELCOME20,San Diego,0.2,0,6549714.27,3535
2014-04-10,677,Cereal,205.7,3528,SPRINGSALE,Los Angeles,0.0,0,725709.6,4190
